Product.Name,concentration,Well.ID,Num.Objects,Percent.Live,Percent.Dead,Median.Certainty.Live,Median.Certainty.Dead
Linifanib (ABT-869),nan,A01,256,0.91796875,0.08203125,0.69,0.57
Y-27632 2HCl,nan,A02,243,0.98353909465,0.0164609053498,0.83,0.545
Cediranib (AZD2171),nan,A03,253,0.9604743083,0.0395256916996,0.74,0.54
Avagacestat (BMS-708163),nan,A04,249,0.983935742972,0.0160642570281,0.8,0.545
Motesanib Diphosphate (AMG-706),nan,A05,248,0.983870967742,0.0161290322581,0.78,0.515
TWS119,nan,A06,240,0.966666666667,0.0333333333333,0.82,0.58
Sunitinib Malate,nan,A07,235,0.991489361702,0.00851063829787,0.8,0.6
AZ 960,nan,A08,298,0.855704697987,0.144295302013,0.63,0.55
SL-327,nan,A09,276,0.905797101449,0.0942028985507,0.67,0.54
MK-0752,nan,A10,228,0.969298245614,0.030701754386,0.86,0.54
SU11274,nan,A11,242,0.96694214876,0.0330578512397,0.8,0.55
CHIR-98014,nan,A12,293,0.788395904437,0.211604095563,0.63,0.59
Vatalanib (PTK787) 2HCl,nan,A13,257,0.976653696498,0.0233463035019,0.76,0.53
WHI-P154,nan,A14,232,0.991379310345,0.00862068965517,0.84,0.55
Foretinib (GSK1363089),nan,A15,283,0.643109540636,0.356890459364,0.63,0.6
IWR-1-endo,nan,A16,279,0.971326164875,0.0286738351254,0.8,0.535
AT9283,nan,A17,373,0.308310991957,0.691689008043,0.57,0.63
BIO,nan,A18,240,0.920833333333,0.0791666666667,0.71,0.55
Lenvatinib (E7080),nan,A19,233,0.995708154506,0.00429184549356,0.9,0.55
K02288,nan,A20,261,0.973180076628,0.0268199233716,0.83,0.6
WZ8040,nan,A21,224,0.986607142857,0.0133928571429,0.88,0.51
Filgotinib (GLPG0634),nan,A22,221,0.945701357466,0.0542986425339,0.82,0.555
DMSO,nan,A23,203,0.960591133005,0.0394088669951,0.8,0.53
DMSO,nan,A24,224,0.9375,0.0625,0.84,0.57
AG-1024,nan,B01,247,0.97975708502,0.0202429149798,0.86,0.55
GNF-5,nan,B02,284,0.978873239437,0.0211267605634,0.84,0.615
BX-912,nan,B03,292,0.917808219178,0.0821917808219,0.67,0.545
DMSO,nan,B04,275,0.978181818182,0.0218181818182,0.885,0.515
Aurora A Inhibitor I,nan,B05,259,0.972972972973,0.027027027027,0.825,0.58
VX-11e,nan,B06,354,0.638418079096,0.361581920904,0.62,0.59
Pimasertib (AS-703026),nan,B07,549,0.258652094718,0.741347905282,0.58,0.63
DMSO,nan,B08,243,0.979423868313,0.0205761316872,0.855,0.56
Quizartinib (AC220),nan,B09,255,0.992156862745,0.0078431372549,0.87,0.6
LJI308,nan,B10,224,1.0,0.0,0.91,
PHT-427,nan,B11,261,0.919540229885,0.0804597701149,0.79,0.54
DMSO,nan,B12,245,0.963265306122,0.0367346938776,0.86,0.59
BIRB 796 (Doramapimod),nan,B13,229,0.973799126638,0.0262008733624,0.88,0.595
VE-821,nan,B14,249,0.975903614458,0.0240963855422,0.83,0.565
AZD8330,nan,B15,412,0.174757281553,0.825242718447,0.56,0.635
DMSO,nan,B16,247,0.919028340081,0.080971659919,0.9,0.555
GSK461364,nan,B17,418,0.411483253589,0.588516746411,0.62,0.63
BMS-582949,nan,B18,273,0.96336996337,0.03663003663,0.92,0.56
Mubritinib (TAK 165),nan,B19,274,0.744525547445,0.255474452555,0.67,0.56
DMSO,nan,B20,277,0.935018050542,0.0649819494585,0.89,0.61
Volasertib (BI 6727),nan,B21,247,0.927125506073,0.0728744939271,0.88,0.55
DMSO,nan,B22,256,0.94140625,0.05859375,0.86,0.57
DMSO,nan,B23,232,0.943965517241,0.0560344827586,0.89,0.56
DMSO,nan,B24,232,0.991379310345,0.00862068965517,0.9,0.53
Axitinib,nan,C01,279,0.982078853047,0.0179211469534,0.81,0.58
Enzastaurin (LY317615),nan,C02,248,0.979838709677,0.0201612903226,0.77,0.53
"Dovitinib (TKI-258, CHIR-258)",nan,C03,264,0.943181818182,0.0568181818182,0.75,0.55
Ruxolitinib (INCB018424),nan,C04,245,0.983673469388,0.0163265306122,0.85,0.53
Nilotinib (AMN-107),nan,C05,254,0.976377952756,0.0236220472441,0.87,0.565
Semagacestat (LY450139),nan,C06,237,0.983122362869,0.0168776371308,0.88,0.555
"Temsirolimus (CCI-779, NSC 683864)",nan,C07,241,0.983402489627,0.0165975103734,0.89,0.575
DAPT (GSI-IX),nan,C08,251,0.988047808765,0.0119521912351,0.84,0.57
Crizotinib (PF-02341066),nan,C09,249,0.670682730924,0.329317269076,0.8,0.625
ICG-001,nan,C10,314,0.958598726115,0.0414012738854,0.92,0.54
Brivanib (BMS-540215),nan,C11,290,0.91724137931,0.0827586206897,0.89,0.565
GW788388,nan,C12,262,0.980916030534,0.0190839694656,0.93,0.52
U0126-EtOH,nan,C13,323,0.90092879257,0.0990712074303,0.66,0.555
S-Ruxolitinib (INCB018424),nan,C14,271,0.955719557196,0.0442804428044,0.93,0.55
GSK690693,nan,C15,233,0.952789699571,0.0472103004292,0.92,0.57
SANT-1,nan,C16,253,0.944664031621,0.0553359683794,0.88,0.575
Brivanib Alaninate (BMS-582664),nan,C17,241,0.941908713693,0.0580912863071,0.92,0.585
Ro 31-8220 Mesylate,nan,C18,248,0.786290322581,0.213709677419,0.85,0.58
CP-724714,nan,C19,279,0.89605734767,0.10394265233,0.88,0.58
AR-A014418,nan,C20,281,0.914590747331,0.085409252669,0.87,0.56
ENMD-2076,nan,C21,421,0.489311163895,0.510688836105,0.685,0.62
STA-21,nan,C22,268,0.914179104478,0.0858208955224,0.9,0.56
DMSO,nan,C23,226,0.929203539823,0.070796460177,0.91,0.55
DMSO,nan,C24,258,0.996124031008,0.00387596899225,0.86,0.6
Amuvatinib (MP-470),nan,D01,261,0.946360153257,0.0536398467433,0.87,0.55
GNE-7915,nan,D02,249,0.963855421687,0.0361445783133,0.92,0.58
Genistein,nan,D03,247,0.97975708502,0.0202429149798,0.92,0.57
DMSO,nan,D04,290,0.972413793103,0.0275862068966,0.89,0.56
PHA-680632,nan,D05,261,0.977011494253,0.0229885057471,0.89,0.605
FIIN-2,nan,D06,256,0.9921875,0.0078125,0.92,0.57
HMN-214,nan,D07,306,0.666666666667,0.333333333333,0.76,0.61
DMSO,nan,D08,257,0.933852140078,0.0661478599222,0.91,0.57
Hesperadin,nan,D09,185,0.859459459459,0.140540540541,0.88,0.605
ONO-4059,nan,D10,299,0.95652173913,0.0434782608696,0.91,0.55
KRN 633,nan,D11,262,0.961832061069,0.0381679389313,0.92,0.56
DMSO,nan,D12,254,0.948818897638,0.0511811023622,0.9,0.57
Tie2 kinase inhibitor,nan,D13,272,0.926470588235,0.0735294117647,0.91,0.58
AG-18,nan,D14,276,0.894927536232,0.105072463768,0.9,0.57
KW-2449,nan,D15,262,0.717557251908,0.282442748092,0.795,0.61
DMSO,nan,D16,266,0.951127819549,0.0488721804511,0.91,0.56
R406,nan,D17,267,0.925093632959,0.0749063670412,0.9,0.57
AMG 337,nan,D18,278,0.924460431655,0.0755395683453,0.91,0.54
PP242,nan,D19,207,0.951690821256,0.048309178744,0.9,0.55
DMSO,nan,D20,264,0.950757575758,0.0492424242424,0.92,0.57
Palomid 529 (P529),nan,D21,284,0.961267605634,0.0387323943662,0.92,0.57
DMSO,nan,D22,248,0.935483870968,0.0645161290323,0.91,0.58
DMSO,nan,D23,247,0.943319838057,0.0566801619433,0.92,0.55
DMSO,nan,D24,238,0.987394957983,0.0126050420168,0.9,0.64
Saracatinib (AZD0530),nan,E01,227,0.964757709251,0.0352422907489,0.85,0.545
SB431542,nan,E02,274,0.985401459854,0.014598540146,0.86,0.645
PD184352 (CI-1040),nan,E03,400,0.6575,0.3425,0.61,0.58
Thiazovivin,nan,E04,232,0.991379310345,0.00862068965517,0.92,0.53
NVP-AEW541,nan,E05,222,0.842342342342,0.157657657658,0.86,0.57
Theophylline,nan,E06,272,0.977941176471,0.0220588235294,0.92,0.515
"VX-680 (Tozasertib, MK-0457)",nan,E07,401,0.845386533666,0.154613466334,0.69,0.575
CYT387,nan,E08,247,0.963562753036,0.0364372469636,0.93,0.55
PHA-665752,nan,E09,321,0.922118380062,0.0778816199377,0.91,0.57
NVP-BSK805 2HCl,nan,E10,252,0.952380952381,0.047619047619,0.9,0.57
"Refametinib (RDEA119, Bay 86-9766)",nan,E11,438,0.127853881279,0.872146118721,0.63,0.69
PF-5274857,nan,E12,292,0.952054794521,0.0479452054795,0.92,0.555
ZM 447439,nan,E13,295,0.908474576271,0.0915254237288,0.87,0.58
Pirfenidone,nan,E14,316,0.898734177215,0.101265822785,0.87,0.56
JNJ-38877605,nan,E15,302,0.917218543046,0.0827814569536,0.9,0.57
KY02111,nan,E16,287,0.91637630662,0.0836236933798,0.88,0.56
AG-490 (Tyrphostin B42),nan,E17,272,0.9375,0.0625,0.91,0.59
GF109203X,nan,E18,271,0.889298892989,0.110701107011,0.87,0.58
TGX-221,nan,E19,258,0.961240310078,0.0387596899225,0.9,0.53
FH535,nan,E20,268,0.84328358209,0.15671641791,0.865,0.62
CUDC-101,nan,E21,167,0.664670658683,0.335329341317,0.72,0.615
ZM 39923 HCl,nan,E22,250,0.936,0.064,0.92,0.565
DMSO,nan,E23,237,0.970464135021,0.0295358649789,0.93,0.52
DMSO,nan,E24,228,0.986842105263,0.0131578947368,0.93,0.57
JNJ-7706621,nan,F01,388,0.0515463917526,0.948453608247,0.53,0.7
Decernotinib (VX-509),nan,F02,237,0.991561181435,0.0084388185654,0.92,0.595
TG100-115,nan,F03,245,0.983673469388,0.0163265306122,0.92,0.535
DMSO,nan,F04,264,0.962121212121,0.0378787878788,0.92,0.555
VX-745,nan,F05,267,0.973782771536,0.0262172284644,0.91,0.55
Bikinin,nan,F06,278,0.985611510791,0.0143884892086,0.93,0.53
AEE788 (NVP-AEE788),nan,F07,262,0.862595419847,0.137404580153,0.835,0.59
DMSO,nan,F08,267,0.977528089888,0.0224719101124,0.93,0.53
BIX 02188,nan,F09,279,0.921146953405,0.078853046595,0.92,0.56
CC-223,nan,F10,201,0.915422885572,0.0845771144279,0.93,0.59
AT7867,nan,F11,246,0.979674796748,0.020325203252,0.92,0.58
DMSO,nan,F12,283,0.929328621908,0.0706713780919,0.92,0.59
H 89 2HCl,nan,F13,256,0.9375,0.0625,0.94,0.565
CEP-32496,nan,F14,301,0.940199335548,0.0598006644518,0.84,0.54
RAF265 (CHIR-265),nan,F15,383,0.360313315927,0.639686684073,0.7,0.63
DMSO,nan,F16,267,0.962546816479,0.0374531835206,0.9,0.595
SGI-1776 free base,nan,F17,316,0.433544303797,0.566455696203,0.65,0.62
Oclacitinib,nan,F18,267,0.928838951311,0.0711610486891,0.9,0.57
CYT387,nan,F19,243,0.958847736626,0.0411522633745,0.93,0.55
DMSO,nan,F20,269,0.959107806691,0.0408921933086,0.93,0.53
Degrasyn (WP1130),nan,F21,239,0.899581589958,0.100418410042,0.9,0.58
DMSO,nan,F22,220,0.913636363636,0.0863636363636,0.92,0.59
DMSO,nan,F23,281,0.943060498221,0.0569395017794,0.91,0.59
DMSO,nan,F24,246,0.979674796748,0.020325203252,0.92,0.59
Selumetinib (AZD6244),nan,G01,353,0.13597733711,0.86402266289,0.56,0.65
SB216763,nan,G02,253,0.97628458498,0.0237154150198,0.9,0.57
Dasatinib,nan,G03,224,0.991071428571,0.00892857142857,0.89,0.63
GSK429286A,nan,G04,227,0.991189427313,0.00881057268722,0.93,0.54
Pazopanib HCl,nan,G05,263,0.969581749049,0.0304182509506,0.91,0.59
"LDE225 (NVP-LDE225,Erismodegib)",nan,G06,262,0.950381679389,0.0496183206107,0.91,0.64
Y-27632 2HCl,nan,G07,304,0.960526315789,0.0394736842105,0.92,0.56
LY2157299,nan,G08,339,0.976401179941,0.023598820059,0.92,0.545
ZSTK474,nan,G09,182,0.972527472527,0.0274725274725,0.91,0.67
TG101209,nan,G10,269,0.330855018587,0.669144981413,0.695,0.66
OSI-906 (Linsitinib),nan,G11,198,0.954545454545,0.0454545454545,0.91,0.57
"Tofacitinib (CP-690550,Tasocitinib)",nan,G12,281,0.925266903915,0.0747330960854,0.91,0.57
GDC-0879,nan,G13,289,0.955017301038,0.0449826989619,0.93,0.58
Go 6983,nan,G14,317,0.858044164038,0.141955835962,0.84,0.58
Triciribine,nan,G15,289,0.653979238754,0.346020761246,0.7,0.62
BMS-833923,nan,G16,333,0.945945945946,0.0540540540541,0.92,0.56
SNS-032 (BMS-387032),nan,G17,320,0.23125,0.76875,0.675,0.67
RepSox,nan,G18,341,0.926686217009,0.0733137829912,0.87,0.56
WZ3146,nan,G19,276,0.927536231884,0.0724637681159,0.9,0.58
WIKI4,nan,G20,256,0.8515625,0.1484375,0.86,0.57
Tivozanib (AV-951),nan,G21,260,0.942307692308,0.0576923076923,0.93,0.53
Pacritinib (SB1518),nan,G22,286,0.0909090909091,0.909090909091,0.66,0.69
DMSO,nan,G23,309,0.857605177994,0.142394822006,0.91,0.565
DMSO,nan,G24,244,0.979508196721,0.0204918032787,0.94,0.53
CHIR-99021 (CT99021),nan,H01,278,0.809352517986,0.190647482014,0.7,0.59
Vacquinol-1,nan,H02,313,0.0159744408946,0.984025559105,0.52,0.77
MGCD-265,nan,H03,282,0.95390070922,0.0460992907801,0.85,0.63
DMSO,nan,H04,260,0.992307692308,0.00769230769231,0.91,0.535
Thiazovivin,nan,H05,232,0.935344827586,0.0646551724138,0.9,0.58
BLZ945,nan,H06,258,0.984496124031,0.015503875969,0.93,0.54
PHA-793887,nan,H07,233,0.965665236052,0.0343347639485,0.93,0.56
DMSO,nan,H08,268,0.962686567164,0.0373134328358,0.92,0.585
BIX 02189,nan,H09,196,0.984693877551,0.015306122449,0.94,0.57
GSK621,nan,H10,255,0.949019607843,0.0509803921569,0.92,0.54
BMS-777607,nan,H11,279,0.964157706093,0.0358422939068,0.92,0.535
DMSO,nan,H12,297,0.949494949495,0.0505050505051,0.9,0.55
TWS119,nan,H13,302,0.94701986755,0.0529801324503,0.87,0.575
AZD5363,nan,H14,181,0.961325966851,0.0386740331492,0.92,0.64
AZD1480,nan,H15,362,0.599447513812,0.400552486188,0.72,0.63
DMSO,nan,H16,302,0.937086092715,0.0629139072848,0.89,0.59
BMS-794833,nan,H17,262,0.942748091603,0.0572519083969,0.91,0.55
BI-78D3,nan,H18,278,0.938848920863,0.0611510791367,0.9,0.58
SB590885,nan,H19,263,0.904942965779,0.0950570342205,0.91,0.59
DMSO,nan,H20,277,0.931407942238,0.0685920577617,0.92,0.58
"BKM120 (NVP-BKM120, Buparlisib)",nan,H21,235,0.693617021277,0.306382978723,0.8,0.635
DMSO,nan,H22,265,0.924528301887,0.0754716981132,0.91,0.58
DMSO,nan,H23,284,0.93661971831,0.0633802816901,0.92,0.55
DMSO,nan,H24,237,0.957805907173,0.042194092827,0.83,0.53
Nintedanib (BIBF 1120)_uncertain,nan,I01,226,0.964601769912,0.0353982300885,0.91,0.55
Vismodegib (GDC-0449),nan,I02,232,0.991379310345,0.00862068965517,0.9,0.54
"Ridaforolimus (Deforolimus, MK-8669)",nan,I03,264,0.984848484848,0.0151515151515,0.93,0.53
SB525334,nan,I04,254,0.972440944882,0.0275590551181,0.91,0.53
PD0325901,nan,I05,490,0.0877551020408,0.912244897959,0.57,0.68
Taladegib (LY2940680),nan,I06,269,0.936802973978,0.0631970260223,0.855,0.57
Enzastaurin (LY317615),nan,I07,288,0.947916666667,0.0520833333333,0.83,0.56
Hesperetin,nan,I08,301,0.940199335548,0.0598006644518,0.92,0.555
SB216763,nan,I09,267,0.977528089888,0.0224719101124,0.9,0.61
YO-01027,nan,I10,272,0.944852941176,0.0551470588235,0.89,0.58
KU-55933 (ATM Kinase Inhibitor),nan,I11,254,0.964566929134,0.0354330708661,0.91,0.55
Sotrastaurin,nan,I12,274,0.945255474453,0.0547445255474,0.91,0.58
LY294002,nan,I13,258,0.945736434109,0.0542635658915,0.93,0.54
CHIR-99021 (CT99021) HCl,nan,I14,306,0.895424836601,0.104575163399,0.76,0.59
"Cabozantinib (XL184, BMS-907351)",nan,I15,255,0.886274509804,0.113725490196,0.89,0.56
LGK-974,nan,I16,284,0.883802816901,0.116197183099,0.87,0.57
Barasertib (AZD1152-HQPA),nan,I17,321,0.778816199377,0.221183800623,0.81,0.58
AZD2858,nan,I18,268,0.84328358209,0.15671641791,0.825,0.56
CYC116,nan,I19,344,0.552325581395,0.447674418605,0.73,0.63
HO-3867,nan,I20,261,0.927203065134,0.0727969348659,0.92,0.55
YM201636,nan,I21,246,0.89837398374,0.10162601626,0.865,0.57
Wnt agonist 1,nan,I22,246,0.49593495935,0.50406504065,0.68,0.61
DMSO,nan,I23,285,0.940350877193,0.059649122807,0.91,0.59
DMSO,nan,I24,241,0.970954356846,0.0290456431535,0.92,0.58
PD173074,nan,J01,226,0.955752212389,0.0442477876106,0.93,0.605
G-749,nan,J02,235,0.974468085106,0.0255319148936,0.9,0.565
Rigosertib (ON-01910),nan,J03,412,0.20145631068,0.79854368932,0.55,0.67
DMSO,nan,J04,245,0.967346938776,0.0326530612245,0.91,0.54
SP600125,nan,J05,257,0.964980544747,0.0350194552529,0.89,0.54
LFM-A13,nan,J06,249,0.963855421687,0.0361445783133,0.92,0.62
PIK-93,nan,J07,298,0.560402684564,0.439597315436,0.65,0.63
DMSO,nan,J08,234,0.952991452991,0.0470085470085,0.9,0.58
AZD7762,nan,J09,229,0.170305676856,0.829694323144,0.55,0.67
DASA-58,nan,J10,253,0.920948616601,0.0790513833992,0.9,0.605
PD318088,nan,J11,459,0.176470588235,0.823529411765,0.56,0.67
DMSO,nan,J12,259,0.96138996139,0.03861003861,0.9,0.6
Acadesine,nan,J13,264,0.901515151515,0.0984848484848,0.9,0.56
TCS 359,nan,J14,283,0.890459363958,0.109540636042,0.89,0.56
PF-4708671,nan,J15,327,0.782874617737,0.217125382263,0.76,0.59
DMSO,nan,J16,280,0.903571428571,0.0964285714286,0.91,0.56
NVP-BHG712,nan,J17,266,0.868421052632,0.131578947368,0.845,0.58
"Olmutinib (HM61713, BI 1482694)",nan,J18,258,0.875968992248,0.124031007752,0.89,0.6
Apatinib,nan,J19,267,0.902621722846,0.0973782771536,0.9,0.645
DMSO,nan,J20,268,0.90671641791,0.0932835820896,0.91,0.64
Asiatic Acid,nan,J21,299,0.886287625418,0.113712374582,0.9,0.57
DMSO,nan,J22,285,0.950877192982,0.0491228070175,0.91,0.605
DMSO,nan,J23,253,0.96837944664,0.0316205533597,0.91,0.555
DMSO,nan,J24,247,0.963562753036,0.0364372469636,0.91,0.59
Afatinib (BIBW2992)_uncertain,nan,K01,238,0.953781512605,0.046218487395,0.88,0.58
AT9283,nan,K02,454,0.0859030837004,0.9140969163,0.55,0.68
Gefitinib (ZD1839),nan,K03,262,0.93893129771,0.0610687022901,0.82,0.53
LY2811376,nan,K04,229,0.965065502183,0.0349344978166,0.9,0.56
PI-103,nan,K05,231,0.961038961039,0.038961038961,0.92,0.58
AZD1480,nan,K06,352,0.684659090909,0.315340909091,0.63,0.61
AC480 (BMS-599626),nan,K07,248,0.95564516129,0.0443548387097,0.86,0.56
Indirubin,nan,K08,209,0.923444976077,0.0765550239234,0.89,0.575
SB203580,nan,K09,248,0.959677419355,0.0403225806452,0.92,0.555
LY411575,nan,K10,275,0.945454545455,0.0545454545455,0.85,0.56
GSK1904529A,nan,K11,218,0.95871559633,0.0412844036697,0.93,0.61
WP1066,nan,K12,264,0.909090909091,0.0909090909091,0.885,0.575
OSU-03012 (AR-12),nan,K13,192,0.880208333333,0.119791666667,0.87,0.58
Tofacitinib (CP-690550) Citrate,nan,K14,255,0.909803921569,0.0901960784314,0.9,0.59
Everolimus (RAD001),nan,K15,248,0.975806451613,0.0241935483871,0.93,0.565
AZD1080,nan,K16,412,0.56067961165,0.43932038835,0.65,0.62
PLX-4720,nan,K17,275,0.912727272727,0.0872727272727,0.91,0.54
PD173955,nan,K18,229,0.908296943231,0.0917030567686,0.91,0.58
WZ4002,nan,K19,251,0.896414342629,0.103585657371,0.85,0.575
GNF-5,nan,K20,241,0.933609958506,0.0663900414938,0.88,0.565
OSI-930,nan,K21,230,0.926086956522,0.0739130434783,0.91,0.58
Oclacitinib,nan,K22,271,0.940959409594,0.0590405904059,0.9,0.6
DMSO,nan,K23,262,0.916030534351,0.0839694656489,0.91,0.58
DMSO,nan,K24,210,0.97619047619,0.0238095238095,0.89,0.54
WYE-354,nan,L01,163,0.969325153374,0.0306748466258,0.9,0.63
AT13148,nan,L02,210,0.97619047619,0.0238095238095,0.92,0.61
Ki8751,nan,L03,188,0.989361702128,0.0106382978723,0.91,0.775
DMSO,nan,L04,238,0.978991596639,0.0210084033613,0.91,0.63
AZD6482,nan,L05,254,0.988188976378,0.011811023622,0.92,0.56
SB239063,nan,L06,247,0.975708502024,0.0242914979757,0.91,0.54
Ponatinib (AP24534),nan,L07,244,0.877049180328,0.122950819672,0.775,0.58
DMSO,nan,L08,246,0.971544715447,0.0284552845528,0.92,0.55
R406 (free base),nan,L09,253,0.97628458498,0.0237154150198,0.9,0.58
GSK2292767,nan,L10,220,0.872727272727,0.127272727273,0.84,0.595
KU-60019,nan,L11,281,0.846975088968,0.153024911032,0.785,0.59
DMSO,nan,L12,241,0.904564315353,0.0954356846473,0.92,0.61
PF-573228,nan,L13,228,0.789473684211,0.210526315789,0.88,0.56
Tyrphostin AG 1296,nan,L14,271,0.940959409594,0.0590405904059,0.9,0.57
LY2784544,nan,L15,258,0.841085271318,0.158914728682,0.8,0.59
DMSO,nan,L16,266,0.928571428571,0.0714285714286,0.89,0.58
OSI-420,nan,L17,232,0.883620689655,0.116379310345,0.83,0.55
"7,8-Dihydroxyflavone",nan,L18,269,0.940520446097,0.0594795539033,0.905,0.58
"CAL-101 (Idelalisib, GS-1101)",nan,L19,245,0.902040816327,0.0979591836735,0.89,0.58
DMSO,nan,L20,231,0.887445887446,0.112554112554,0.895,0.6
Honokiol,nan,L21,285,0.926315789474,0.0736842105263,0.875,0.59
DMSO,nan,L22,244,0.926229508197,0.0737704918033,0.89,0.61
DMSO,nan,L23,179,0.899441340782,0.100558659218,0.89,0.605
DMSO,nan,L24,217,0.963133640553,0.036866359447,0.88,0.53
BMS-536924,nan,M01,166,0.83734939759,0.16265060241,0.8,0.56
AG-490 (Tyrphostin B42),nan,M02,229,0.956331877729,0.0436681222707,0.85,0.655
Imatinib Mesylate (STI571),nan,M03,250,0.908,0.092,0.78,0.56
Fasudil (HA-1077) HCl,nan,M04,222,0.972972972973,0.027027027027,0.88,0.585
Rapamycin (Sirolimus),nan,M05,215,0.976744186047,0.0232558139535,0.94,0.51
LY2784544,nan,M06,202,0.831683168317,0.168316831683,0.78,0.59
Masitinib (AB1010),nan,M07,254,0.956692913386,0.0433070866142,0.815,0.62
Quercetin,nan,M08,281,0.957295373665,0.0427046263345,0.88,0.57
SB202190 (FHPI),nan,M09,250,0.984,0.016,0.91,0.605
SB415286,nan,M10,229,0.92576419214,0.0742358078603,0.93,0.57
PF-04217903,nan,M11,249,0.947791164659,0.0522088353414,0.93,0.56
CEP-33779,nan,M12,237,0.915611814346,0.084388185654,0.9,0.56
Danusertib (PHA-739358),nan,M13,334,0.51497005988,0.48502994012,0.7,0.64
XL019,nan,M14,245,0.975510204082,0.0244897959184,0.9,0.65
BMS-754807,nan,M15,258,0.399224806202,0.600775193798,0.755,0.66
1-Azakenpaullone,nan,M16,248,0.935483870968,0.0645161290323,0.88,0.555
"Roscovitine (Seliciclib,CYC202)",nan,M17,214,0.892523364486,0.107476635514,0.885,0.56
IWP-L6,nan,M18,256,0.92578125,0.07421875,0.9,0.56
PD98059,nan,M19,260,0.926923076923,0.0730769230769,0.91,0.58
Decernotinib (VX-509),nan,M20,232,0.905172413793,0.0948275862069,0.9,0.565
KU-0063794,nan,M21,188,0.968085106383,0.031914893617,0.92,0.545
PRI-724,nan,M22,234,0.905982905983,0.0940170940171,0.9,0.595
DMSO,nan,M23,218,0.93119266055,0.0688073394495,0.9,0.6
DMSO,nan,M24,212,0.962264150943,0.0377358490566,0.91,0.56
"Vemurafenib (PLX4032, RG7204)",nan,N01,193,0.953367875648,0.0466321243523,0.88,0.59
WH-4-023,nan,N02,215,0.962790697674,0.0372093023256,0.9,0.56
Ruxolitinib (INCB018424),nan,N03,206,0.961165048544,0.0388349514563,0.885,0.565
DMSO,nan,N04,212,0.929245283019,0.0707547169811,0.88,0.59
"TSU-68 (SU6668, Orantinib)",nan,N05,244,0.963114754098,0.0368852459016,0.89,0.58
ANA-12,nan,N06,236,0.902542372881,0.0974576271186,0.89,0.59
SAR245409 (XL765),nan,N07,230,0.952173913043,0.0478260869565,0.89,0.57
DMSO,nan,N08,215,0.944186046512,0.0558139534884,0.87,0.58
CP-673451,nan,N09,220,0.786363636364,0.213636363636,0.77,0.57
STA-21,nan,N10,221,0.932126696833,0.0678733031674,0.91,0.59
BS-181 HCl,nan,N11,248,0.915322580645,0.0846774193548,0.91,0.57
DMSO,nan,N12,234,0.92735042735,0.0726495726496,0.92,0.59
BMS-265246,nan,N13,271,0.833948339483,0.166051660517,0.795,0.57
NSC 23766,nan,N14,219,0.917808219178,0.0821917808219,0.91,0.58
AST-1306,nan,N15,275,0.927272727273,0.0727272727273,0.87,0.585
DMSO,nan,N16,231,0.909090909091,0.0909090909091,0.9,0.57
PIK-293,nan,N17,256,0.9296875,0.0703125,0.915,0.565
LY3023414,nan,N18,234,0.478632478632,0.521367521368,0.715,0.64
PIK-294,nan,N19,231,0.818181818182,0.181818181818,0.88,0.585
DMSO,nan,N20,317,0.943217665615,0.0567823343849,0.91,0.58
Indirubin,nan,N21,286,0.863636363636,0.136363636364,0.81,0.61
DMSO,nan,N22,247,0.923076923077,0.0769230769231,0.865,0.6
DMSO,nan,N23,206,0.932038834951,0.0679611650485,0.92,0.575
DMSO,nan,N24,208,0.975961538462,0.0240384615385,0.91,0.56
Bosutinib (SKI-606),nan,O01,169,0.881656804734,0.118343195266,0.74,0.595
XAV-939,nan,O02,192,0.854166666667,0.145833333333,0.77,0.61
Lapatinib (GW-572016) Ditosylate,nan,O03,215,0.920930232558,0.0790697674419,0.78,0.56
RO4929097,nan,O04,218,0.917431192661,0.0825688073394,0.83,0.58
Sorafenib Tosylate,nan,O05,258,0.903100775194,0.0968992248062,0.79,0.59
SB505124,nan,O06,233,0.974248927039,0.0257510729614,0.88,0.55
GDC-0941,nan,O07,203,0.965517241379,0.0344827586207,0.84,0.57
Astragaloside A,nan,O08,249,0.963855421687,0.0361445783133,0.91,0.57
MK-2206 2HCl,nan,O09,181,0.861878453039,0.138121546961,0.9,0.57
TG101348 (SAR302503),nan,O10,244,0.635245901639,0.364754098361,0.71,0.62
MLN8054,nan,O11,240,0.954166666667,0.0458333333333,0.91,0.59
"Baricitinib (LY3009104, INCB028050)",nan,O12,245,0.955102040816,0.0448979591837,0.91,0.61
BI 2536,nan,O13,392,0.0714285714286,0.928571428571,0.675,0.71
Wnt-C59 (C59),nan,O14,233,0.918454935622,0.0815450643777,0.91,0.58
Alisertib (MLN8237),nan,O15,290,0.489655172414,0.510344827586,0.68,0.62
RKI-1447,nan,O16,238,0.924369747899,0.0756302521008,0.9,0.59
SNS-314 Mesylate,nan,O17,309,0.624595469256,0.375404530744,0.705,0.635
SH-4-54,nan,O18,251,0.916334661355,0.0836653386454,0.9,0.56
Regorafenib (BAY 73-4506),nan,O19,249,0.943775100402,0.0562248995984,0.9,0.605
IM-12,nan,O20,273,0.96336996337,0.03663003663,0.9,0.53
Flavopiridol (Alvocidib),nan,O21,231,0.285714285714,0.714285714286,0.655,0.69
DMSO,nan,O22,221,0.923076923077,0.0769230769231,0.88,0.57
DMSO,nan,O23,215,0.93488372093,0.0651162790698,0.92,0.565
DMSO,nan,O24,181,0.966850828729,0.0331491712707,0.9,0.615
BX-795,nan,P01,170,0.941176470588,0.0588235294118,0.88,0.605
IM-12,nan,P02,184,0.945652173913,0.054347826087,0.86,0.605
Pelitinib (EKB-569),nan,P03,215,0.874418604651,0.125581395349,0.77,0.56
DMSO,nan,P04,203,0.965517241379,0.0344827586207,0.87,0.64
GSK429286A,nan,P05,193,0.99481865285,0.00518134715026,0.89,0.53
Ro-3306,nan,P06,187,0.941176470588,0.0588235294118,0.85,0.56
AT7519,nan,P07,260,0.25,0.75,0.6,0.64
DMSO,nan,P08,205,0.956097560976,0.0439024390244,0.88,0.68
AZD8055,nan,P09,182,0.824175824176,0.175824175824,0.74,0.57
ETC-1002,nan,P10,200,0.975,0.025,0.86,0.56
Fasudil (HA-1077) HCl,nan,P11,179,0.983240223464,0.0167597765363,0.91,0.52
DMSO,nan,P12,215,0.972093023256,0.0279069767442,0.89,0.635
Lapatinib,nan,P13,189,0.968253968254,0.031746031746,0.86,0.545
"PRT062607 (P505-15, BIIB057) HCl",nan,P14,191,0.926701570681,0.0732984293194,0.85,0.565
AZD8931 (Sapitinib),nan,P15,216,0.916666666667,0.0833333333333,0.8,0.545
DMSO,nan,P16,188,0.978723404255,0.0212765957447,0.91,0.61
AZ 960,nan,P17,251,0.617529880478,0.382470119522,0.66,0.61
DMSO,nan,P18,215,0.93488372093,0.0651162790698,0.87,0.55
Telatinib,nan,P19,186,0.94623655914,0.0537634408602,0.88,0.56
DMSO,nan,P20,208,0.961538461538,0.0384615384615,0.9,0.55
Quercetin,nan,P21,202,0.935643564356,0.0643564356436,0.8,0.55
DMSO,nan,P22,189,0.973544973545,0.026455026455,0.9,0.64
DMSO,nan,P23,176,0.931818181818,0.0681818181818,0.88,0.62
DMSO,nan,P24,188,0.946808510638,0.0531914893617,0.88,0.58
