id,factor3
FZD10,1.8499526851002033
MAEL,1.3076165843569285
SLFN13,1.2254252453633705
NXF2,1.2055608638925215
TEX15,1.1767195484057087
ZNF415,1.1592637823328404
HUNK,1.1561939192113218
GABRR1,1.0826336490009618
POU6F2-AS2,1.0737794578289048
GZMB,1.0239156345818405
PROM2,1.01725408061608
ADH1C,1.0160413360823404
UCHL1,1.0023448945619517
ACSL6,0.9991860745745097
ZNF793,0.99587221002814
PCDHB16,0.9789453033621198
SPIRE2,0.9605803886045575
ZSCAN18,0.9571101763553315
CT83,0.9467232637907472
RNF182,0.9232164596442755
C12orf56,0.9203935198619108
RGN,0.9191193853692377
FAM155A,0.8974256692640098
TSPYL5,0.8798589993580358
PCDHB4,0.8785836723471226
PCDH8,0.8578568000722333
RASA3,0.8518311863050793
DPEP1,0.8507857031740329
METTL7A,0.8445204354720913
CYP2B6,0.8418782767817022
ZNF506,0.830200445831069
ZNF492,0.8288055324426447
MAGEE1,0.8287864619246011
GLDC,0.8259397916005263
ZNF793-AS1,0.8246054493391919
ZNF331,0.8163552320263713
PCDHA9,0.8023235803643527
ZNF813,0.7988658566174799
PAH,0.7975149929374817
TMEM63C,0.7942613736148563
HSD3B1,0.7937808745174623
ZNF43,0.7877585278441513
ZNF439,0.7874410687033175
FAM3B,0.7786480623204652
ELF5,0.7683074240465694
UGT1A7,0.7592852686248176
LINC00540,0.7546442591667145
SPINK1,0.7519548323940943
ZNF304,0.7513283083241522
COX10,0.7445124920207284
CARD16,0.7424532465356041
PAX7,0.7415124656904406
SCG3,0.731887232723154
DNAH10,0.731317771508594
FOLR1,0.7289763382412404
ZNF625,0.7280172552601567
ESRRG,0.7246732096792319
FUT10,0.7243072479256638
PCDH20,0.7215108493845698
SNAP25,0.7191102722934328
CES1,0.7167870303700018
LINC01694,0.7134446308297401
NRN1,0.708528469734665
SLFN12,0.7083440991691335
ZNF880,0.7040747687764691
C10orf82,0.7023672890159686
CADM1,0.7007227255443683
PHYHIPL,0.7002428809356681
RIMS2,0.6992813004428301
DEF6,0.6972573788926751
ZNF354C,0.6955038064338382
FOXG1,0.6920493092951112
PCDHB10,0.6904489385132503
ARHGAP4,0.6833291574237831
SMTNL2,0.6828729058077122
ZNF85,0.680083437894833
ERP27,0.6796152302542886
GBGT1,0.6771940491861093
CHGB,0.6754282600447533
NRXN3,0.6708156261939274
AXDND1,0.6706065448152264
BISPR,0.67045024398608
CDHR1,0.6679519911485724
XG,0.6674974279458694
ZNF347,0.6674876108556623
SLC35G2,0.6671747715222158
TTC9,0.6664498530799338
SLC38A4,0.663054693829823
VAV3,0.6567520883254511
PLAG1,0.6562894127325679
LRRC2,0.6546846932831129
LINC02562,0.6514106527710871
FAM13C,0.6488273319272619
AKAIN1,0.6448242291481767
ZNF606,0.6439164699436098
IFITM3,0.6411178144026866
ISX,0.6397020273128697
PTPRD,0.6338430353414777
INPP5D,0.6269284017691649
SGK2,0.62643594701964
SLC16A10,0.6258918413815394
ZNF594,0.6201961261455841
ZNF736,0.6187511527184797
SBSPON,0.6184072670168417
ZNF256,0.6149089442326661
RNF217,0.6131923355984498
TSPOAP1,0.6121520871943925
SLC39A2,0.6120539709369055
CYP26B1,0.609705469286367
ARL11,0.6040223400429177
ARHGDIB,0.603971119720267
STON2,0.6030311958819059
MOCS1,0.5996780833950822
UTY,0.5974965490767385
NEUROD1,0.5954848645609915
CBLN1,0.5917139963674327
ENPEP,0.5908752034446991
RUNDC3A,0.5906594546799326
IRAK3,0.5904855126716593
SLFN11,0.5902960652198332
ZNF350,0.5893556436506961
IFITM2,0.588895571638539
USP9Y,0.5880672888388604
ZNF681,0.5859700972432443
ARMCX2,0.5849481298072976
CHKB-DT,0.5811724035795041
HOXA1,0.5806393754916951
PTPRG-AS1,0.5803848290430742
IFITM3P7,0.5782235939984809
BST2,0.5764224165974339
PTPRO,0.5715853678875359
DDO,0.5698185091105167
C7orf31,0.5689176243362832
CCDC170,0.5636293821386885
SLC44A5,0.5618659254377135
DNAJC15,0.5615816631027502
PNMA8A,0.5615407969116348
NAALADL2,0.5614124498555253
KRT40,0.561079646547892
LINC00665,0.5602175891462922
CPED1,0.5599066258892933
ZNF404,0.5591930679361993
CASP1,0.5589708155431264
C1GALT1C1L,0.5555900377867506
ZNF117,0.5514752414149965
ZNF285,0.549594584859336
A1CF,0.5475858029351864
DOCK11,0.5470148747024726
UTRN,0.542075056912336
NPTX2,0.5406148248329071
TDGF1,0.5401982414737567
LYPD8,0.5393027823294888
ACSF3,0.5387175150511033
SNX20,0.538365844342907
RIPPLY1,0.5376042053247134
ISM2,0.5372432086360142
ZFY,0.5369316005045411
CGNL1,0.535718308693781
TYRP1,0.534390656698231
ZNF320,0.5334814470341611
MAOA,0.5326281410145397
SHLD1,0.5309682411379747
NBPF4,0.5295935787040739
ZNF93,0.5295413627114376
ERVW-1,0.5281677406287515
PPP2R2C,0.5246871184436931
XDH,0.5244344870886014
GLRA2,0.5239015844298374
GNGT1,0.5232979838219074
C10orf99,0.5212985702523979
SP8,0.5206862964199298
FMO4,0.5172887112353107
XCL1,0.5162209199769751
CST1,0.5125577754403199
TTTY2,0.5106891388422624
ZNF702P,0.5100621077892645
RAB38,0.5099608949353465
VPS50,0.5093587187523233
LRP4,0.5086929962575715
NOD2,0.5084050725350608
LIN7A,0.5082827078905154
SLC22A15,0.5077802265174216
ZNF134,0.5071057897566096
IFITM1,0.5069740587993377
CSF2RA,0.5062821550794341
SETDB2,0.5058794221384342
SCIN,0.5058293131864383
FZD10-AS1,0.5044958746937821
UGT1A10,0.5022815635167898
TSPAN12,0.5002723447846513
QRSL1,0.4996054637601529
ATAD3C,0.4973454828673772
SLC1A7,0.4971568059502125
CYP39A1,0.49644885575603026
CST4,0.4923330467629755
CHST15,0.4920926618696531
C3orf14,0.4897854313649052
SRGAP2B,0.488968696600995
PPP1R14A,0.48441774070417015
TLCD2,0.4820495376658289
LDLRAD4,0.4799237825834086
BRINP1,0.4792869460875429
PMFBP1,0.4761591926296576
ZNF570,0.475341867642379
XAGE2,0.47486973216777534
ELAPOR2,0.4747809657850739
HCG11,0.4746012660313327
ADCY1,0.4743543319537363
ARAP3,0.4712674115209333
TNFSF13B,0.47066056873430295
LINC00324,0.4690270866623452
MAN1A2,0.46859849869318776
PLCB1,0.4678121688106602
MIR7-3HG,0.46770107049138554
ZNF429,0.46704204880012073
TDRD5,0.46399333134793064
GNG2,0.4618183516315787
FGF14-AS2,0.4616541950423649
CCND2,0.45744395187371045
POU6F2,0.45743498219170964
CSRNP3,0.4561353072619097
ZNF254,0.4545618056013631
CLVS1,0.4504353536091551
ZNF177,0.45007426160449454
RASL10B,0.44858603547575177
OBSL1,0.4484704801147725
HOXA2,0.44843482838714854
KLHDC8B,0.4479492807771804
H3C7,0.44684884406313746
ATXN3,0.4462220450533843
NXN,0.44595623653936944
DUXAP8,0.44593124407874035
SPESP1,0.44488723483760173
HFE,0.4436133076493208
LINC00865,0.4432973872512748
USP6,0.44279475242815525
C1QTNF3,0.442488656581225
N4BP2L1,0.44233731830322953
IGF2BP3,0.4420810762146876
AASS,0.44177251388424316
FGF20,0.4413741718513336
ZNF529-AS1,0.44056623453119814
ZNF483,0.4392269154649309
FRMD4A,0.4383856292694781
ANKEF1,0.4378993901801453
ZNF480,0.4368746506798569
PTK7,0.43681126338507165
PLPPR1,0.4365650423664599
CENPU,0.4362033625018427
PRSS23,0.43429313937466413
ZKSCAN7,0.4339439988002173
RBM11,0.42512776868251134
SLC46A3,0.4247234960725355
NAP1L5,0.4240730066714564
ZNF701,0.421891079197811
ZNF829,0.42181529531587303
CAPS2,0.42174731380777325
SVOPL,0.42044965178896804
JAZF1,0.41990263538644423
ZNF568,0.41989848677394975
THAP5,0.4157379345569449
GATM,0.4154318769261851
L3MBTL4,0.41439874363981244
RLN2,0.41355919158856863
SCN3B,0.41340825238680284
GRAP,0.41305855714950046
CPLX2,0.4127324253208875
HMGCS2,0.4126916736322891
TRIL,0.4120620423549564
APCDD1,0.41141690527786534
MARK1,0.41073495376276453
ZNF321P,0.40794193117344607
ENPP3,0.4043455013672027
SUGT1,0.404148788734981
RAG1,0.40371830581758456
NOS3,0.4035101560902412
RFLNB,0.4027476946798369
IKZF2,0.4026752614479639
SVOP,0.40177677289072866
WIF1,0.4017717062069249
TMEM161B-AS1,0.4017696008140458
MAB21L3,0.40173767230841373
ZNF675,0.40102809253643285
PITPNM3,0.3989798661007119
DLEU2,0.39791305810529976
DUXAP10,0.3963965109788889
PCDHB12,0.3961379443960334
ERLIN2,0.3941973159556593
ALDH1A2,0.3939802763556684
CFAP251,0.3936521339529238
ZNF141,0.3920730663580509
LINC00462,0.390398361070136
HCFC2,0.39016178975708027
NELL2,0.38981384786969386
PLA2G3,0.38948421023944013
CACHD1,0.3893877611065852
PROC,0.3877226452495931
CCDC88C,0.38767044049886296
MEIS3P1,0.3875880072622648
ZFP28,0.38749835798978627
ZNF682,0.38584479401881105
DDC,0.38573471531401765
ATP2A3,0.3853794627652539
SMIM2-AS1,0.38507505043309875
HTR7P1,0.382879667158282
CALCB,0.38200359052613797
RBMS1,0.381262950495128
LY6G6D,0.38116036771340506
CLN5,0.3807313240045991
GPR158,0.3788601761982639
TCEA2,0.3761911333652659
ZNF556,0.3758712816934823
CPVL,0.37483809515103833
RORC,0.3737630008727466
NFE2,0.3727032062545175
UGT1A8,0.37218405308338104
CROT,0.3709270234935035
OR7D2,0.367867096779609
CST2,0.36786106862314283
DDX43,0.3673023512592843
VAV1,0.3670948327130516
PRIMPOL,0.3665892885881785
POLH,0.36617460418568665
HAS2,0.364749434014339
STK31,0.36379320810933213
RAB39A,0.36259558428159744
RUNDC3B,0.36233433174935903
ZDBF2,0.36207699159382845
ZNF233,0.3619259557128121
BNIP3,0.3616348688423414
PCSK1,0.36110199672301035
YAF2,0.36030404498098
NID1,0.3597980400967997
SLC6A15,0.35971433009690035
EEA1,0.35876633997579516
KALRN,0.3584087789274888
PRICKLE2,0.35815338618268433
COLGALT2,0.3578882249388472
CCR6,0.3569869336114008
ZNF610,0.35682482556244416
APLP1,0.35644174133364515
ZNF738,0.35643705499348777
TIGD7,0.3533857052321304
SDR42E1,0.35313184019171134
RNF6,0.35220636671446304
TRABD2A,0.35106480988025957
ZNF264,0.3510503756273943
TWIST1,0.3507775800276811
MST1L,0.34811776521095866
KIF26A,0.3475813869276112
FAM214A,0.34752068195030694
SESN3,0.3469850861886325
RASL11B,0.3460859069860364
PDE10A,0.34557126949257716
PCP4,0.3441896714989185
TYRO3,0.34175229050652994
PRR4,0.34112072468323923
SATB1,0.3388261945300484
FOXP2,0.3385896673704377
ZSCAN12,0.3384472811887289
DISC1,0.3382523779488746
ABAT,0.3382508121801972
B3GLCT,0.337945689250106
FGF7,0.33744279093009577
RFC3,0.33636807417584136
LINC00858,0.3361764736262797
SEC14L4,0.3361516327657311
CPLX1,0.3360799040288637
FAM189A1,0.3342636951142713
SFTA2,0.33338874943329344
RAB3C,0.3327669974929477
COL4A2,0.33225788634010994
TMEM170B,0.3320783635720962
SUN1,0.3320346728555157
IL23R,0.3320277540163955
STXBP5L,0.3305164322817185
LINC02846,0.33039926263132297
NAP1L2,0.32987914679127633
ZFY-AS1,0.32925333586922845
FGD1,0.32854853136356177
ZNF853,0.3283343162152688
SLC7A8,0.32784805590078486
TMEM163,0.3271451962693744
ZNF559,0.32281022486349353
AKR1C1,0.3224660042420425
MYO1A,0.3218648537296549
NBEA,0.32096114826100447
PPP1R14C,0.32095286432010345
CHD9,0.31993408534415757
HES5,0.3195711895556458
SLC22A11,0.31878176802118985
CLDN11,0.3187437517755952
NCF4,0.3181240334476586
PLG,0.3179719328097728
VANGL2,0.3171605483181282
MYCN,0.31640919952973073
BOLA3-AS1,0.316204823858434
UBXN10,0.31583486035862246
TCEA3,0.31565271499567127
USP34-DT,0.31539872743503494
DMRTC1,0.31523221887015485
AKR1C2,0.31490019689122783
DAPP1,0.31427721159371175
SNTB1,0.31306002951496775
ZNF83,0.312804639891745
SEMA3F,0.31271345570068115
CECR2,0.3125125904550909
NFASC,0.3117862107097841
MAGEA11,0.311614442666063
INHBB,0.31046166530553426
MAN1A1,0.31032476189244396
CFAP97,0.30955585792645307
KLHL3,0.30882034560491844
FGF13,0.30878146194425743
TBX18,0.3087403098239022
ZNF704,0.3082617657035945
CA4,0.3080513225671896
PLEKHA2,0.3074911227946129
TEAD2,0.30727993372122014
GSTT1,0.3070764562152472
FER1L4,0.30684866079892814
NBPF3,0.30660315693410173
RPS6KA6,0.3063755075110963
MME,0.3062989401918734
COL9A3,0.3034484848502579
RIBC2,0.30331886419276405
BAMBI,0.3027087368446165
ZNF569,0.3003207156830796
ZNF493,0.3000192973524768
FCAMR,0.2996773925925985
CHFR,0.2988631572746756
ENTPD5,0.29883271719115234
CXCR3,0.2985464691858219
ZDHHC2,0.2970815355045387
KCNH8,0.2965832376771515
SNX25,0.29616346365241936
TMEM252,0.2960881833966754
AS3MT,0.29555274169336726
CNNM1,0.2947378485826676
LRRN1,0.2916280190681
LUC7L,0.2908925782773939
KNG1,0.289866070378943
TMSB15A,0.28946909999693754
DNAJC6,0.28915904671400033
FNDC3A,0.2879329941382972
ANKRD44,0.28765698473208967
GJA1,0.28728977227152097
AP3B2,0.2871341027143647
ZNF345,0.2870812978890426
SLC47A1,0.2868803915421458
XAF1,0.2856395696822172
COL5A1,0.28517605448418254
CYP4X1,0.284265238043906
HSPA12A,0.2836173372801082
PROX1,0.2835888127762503
FKBP1B,0.28317034698344323
UGT2A3,0.28296746667017103
SCN8A,0.28179773453484325
SRGAP2,0.281715898408395
ANO5,0.2814042609337016
CHST11,0.2804606537007682
ZNF879,0.2802227400963151
MAML2,0.2800492865777596
TMSB15B,0.2800091442893476
PI15,0.27874126485204914
KCNQ4,0.2780766753217004
TIAM1,0.27749593979272685
KCNK3,0.2772877341510637
RARRES2,0.27668138746523147
APOLD1,0.2765364371221713
NUDT11,0.27652471597235745
TRHDE,0.2763898947812971
RBM43,0.2762443224948072
GSPT2,0.2757772454544122
CASP3,0.27463404246668366
DEFA6,0.273983654084851
DCDC2,0.27342666959350564
CADPS2,0.2726216418575848
MPV17L,0.2725752074755689
IHH,0.2716852204031553
CSTA,0.27136142056563384
EFCAB3,0.2713502932323495
PLSCR4,0.2709881422954802
GLB1L,0.2708566800343129
TMEM150C,0.2672951276068811
GCG,0.2671651607658988
CCDC69,0.26554270281566117
GPX3,0.2649725754185473
UNC5A,0.2645394611491543
RLN1,0.2624854944768793
DDX3Y,0.2623284555167527
NLRP2,0.2618438825456391
RASA4,0.260624665311986
ARMH4,0.2605154709843023
ACVRL1,0.25849832408272283
PABPC1L,0.2579463945606151
PAX5,0.2578054266343157
RNF144B,0.25779877974669396
REG1A,0.2567479794231104
REEP1,0.25672117421737095
SLC52A1,0.25657669350729406
PRR9,0.2562112295871095
SP110,0.2558535648260721
LINC00957,0.25575701346119445
ZFYVE28,0.2549724564996231
TPP2,0.25493663999245425
RNASEL,0.2539642698193867
SETMAR,0.25338799684713476
DLL1,0.25268472546553544
SYT1,0.2523869621795428
PIGL,0.2514523503994444
VWA5A,0.25131133875785583
DPP10-AS1,0.2512793779357394
DNAJC3-DT,0.25012902013083255
CYP2E1,0.2500097627303873
STOX2,0.24921882277305735
TRAC,0.2490158045415714
CEL,0.24898757304712335
MGMT,0.24725139493896395
ETV7,0.247090631255469
SMPD1,0.2459359089389876
ZNF518B,0.24527265417332447
CENPVL1,0.24467378302581586
EPSTI1,0.24431606491529306
STON1,0.2436046368827523
RASSF4,0.24295920431230067
VPS35L,0.2417274145444397
ACSL1,0.24163533646795987
CHST13,0.24152451109828632
MIR570,0.240483058311696
TMEM220,0.2401880258153053
SLC22A3,0.24014156525950497
MALRD1,0.23973093670765516
LINC01252,0.23892409025243574
MUCL1,0.23831621731355065
ACVR1C,0.23797200604633986
FGF19,0.23746503104011366
WDR72,0.23715883934828597
IRF2,0.23695270218994585
SMOC2,0.23583056676573452
DACH1,0.2334722360492914
ULK2,0.23331050788536908
GUCA2A,0.2329474413076199
EVA1A,0.23277674844444754
LYPD6,0.23272749735943904
RCBTB2,0.2324573930176665
ABHD12B,0.23235128790161333
PLXNC1,0.23225428268466938
RORA,0.23172764926123335
BEX2,0.2315883866717487
DKK4,0.23085062004602905
SBF2,0.23054613028217
HNMT,0.23040720051410415
LRRIQ3,0.22938437114493115
ITGB6,0.22868872604086232
ZMYND11,0.22809390446450467
CDK6,0.22791644856134632
PGM5,0.2277399498471019
GGT6,0.227251432439663
SLC19A3,0.2268690227073618
ZNF512B,0.22664045986871123
UNC13A,0.22528482402365865
DLX2,0.22392688063455835
NLRP1,0.22348437882895314
LRRN4,0.22275283188793624
KL,0.2226618048461678
PTCH1,0.22212782508813733
CHGA,0.22209356692769028
C4BPA,0.22174494945697437
GIMAP2,0.2210626491751087
PPP1R16B,0.22082799146994836
ZNF486,0.22066259840903749
ITGA1,0.21999635356203784
SCGB2A1,0.21975598605635274
KCNS3,0.21955908526372442
AURKB,0.21935705098566188
AHRR,0.2193007033155823
CCDC198,0.2191987333908112
GNG4,0.21912745043235626
PIGC,0.21752190841516572
ROR2,0.21709125643159163
SOX8,0.216842179121287
PRKCQ-AS1,0.21385982514605645
MYH4,0.21379347195132223
PCDHB14,0.21363634546293575
SYNE4,0.21188125877742994
TMEFF1,0.21052199812005634
MAPK14,0.20865963874362395
OGFRL1,0.20843230677808738
SLAIN1,0.20735148095847414
PURA,0.20730988563122776
ZNF329,0.20674750970109787
PCLO,0.20520160477078725
PRLR,0.20499702817500332
BBS9,0.20374528391683114
KIF16B,0.2036591787403521
NMRAL2P,0.20275674607791105
GPER1,0.20206919723390154
MAGEH1,0.20192959305081742
LRRC66,0.2010296172060302
SPTLC3,0.20032911183065588
OAS2,0.20026364255202578
AKR1C4,0.20001591787674994
TRDC,0.19905957727266996
ZNF718,0.19812238224154669
DLX1,0.1977822592299831
HMGA2,0.19745224836867514
HAR1A,0.1972651499837478
BLVRA,0.19643549151142986
HLA-DMA,0.19637938136446959
ZNF311,0.19606955119503955
CYP4F8,0.19523322718435115
FBP1,0.19463943877194523
N4BP2,0.19358220495864026
PTPN11,0.19332271070635493
TTTY14,0.1920998869099865
GALNT13,0.1920516562107769
RNF186,0.19167899139918373
CEP68,0.19151619600263076
STAG3L4,0.1914616633740032
PTBP2,0.1913579916340428
TUBGCP3,0.19031708129129832
MBD5,0.18988130240800893
CCDC8,0.1892588245201179
CEP112,0.18920202515498832
GPATCH11,0.18916711164342806
ADH6,0.18905090334204094
ZBTB7C,0.18833322179378267
PTPN21,0.1881913169263563
SPATA6,0.18711573438269846
ZBED9,0.1869631295528555
OLFM4,0.1869368172027859
ZC3H6,0.18674408384804264
CACNA1C,0.18612602669926323
STEAP3,0.18496060241424517
MAILR,0.18423733104303708
ISL1,0.18405595253445436
BMPR2,0.18392471937259908
DAZ1,0.182894719841124
STMN3,0.18282118823551813
IFI44,0.18265369356206757
C2,0.18252779278886003
ZNF709,0.18229167459810094
PIPOX,0.18206568691530137
ARSL,0.18049023003353526
HAGLROS,0.18020781478240847
CASP5,0.1799420043918384
LY6G6E,0.17948154087858947
MIR924HG,0.1777239392629524
SDHAP3,0.17687555329803933
CCDC110,0.17663836611054126
APLF,0.1757176001827454
ACP3,0.17493869778707136
TRMT13,0.17464085178363378
ADD3-AS1,0.17445807915504433
EPDR1,0.17445316348456796
GAD1,0.17259922940232367
CYBB,0.17188571759670854
LRRC31,0.1714538001998395
SERPINE1,0.17062192873739074
ZNF441,0.16996628270319306
KAT2B,0.16973394692007399
DTX3,0.16940828588545914
DPY19L2P3,0.16932288206922722
STK17A,0.1688930697213482
GABRB2,0.1684201470142436
ZNF8,0.1680410643133957
DCUN1D1,0.16802074023806277
C16orf54,0.16752377077798128
ADAMTS17,0.167122289026872
CLEC2L,0.16590322980146882
TRMT9B,0.16581545866332217
XGY2,0.16563779523056055
RAB37,0.1653067583465947
IRAK1BP1,0.16420139795103597
GLIPR1,0.16393479302279745
MUC20-OT1,0.1629650184759829
SYDE2,0.16260621634627453
FBXO36,0.16242683797338187
MPZL2,0.1620638214314732
ALDH6A1,0.1615638010502555
NDE1,0.16146439972762217
CORO1A,0.16079585104996663
LEF1,0.16029967931150632
PPM1E,0.1601786302890087
CAPS,0.15966658625496966
AKAP5,0.1593782141606417
NHLRC3,0.15931431384476985
CYTIP,0.15898084307602084
SMIM2,0.15886936295868867
AKAP9,0.15870733249065694
NINJ2,0.15835850921548375
LPL,0.15774434863105782
PON3,0.15750018213841346
QKI,0.1569786519881854
KRBOX1,0.15671811506500105
TLR3,0.15650583827290093
SNU13,0.15635479585387776
ZNF655,0.15623739949982215
CEACAM7,0.15607193752198067
VLDLR,0.15538763595321312
G0S2,0.15423578095368368
OXGR1,0.15401433312211352
MACROD2,0.15369193035158574
TMEM154,0.1532315136548452
N4BP2L2,0.151752278565052
HERPUD2-AS1,0.15173584416596522
NIM1K,0.1515078147667305
SHISA6,0.1508803236811721
ARID3A,0.15002605670281183
CCDC82,0.14918148430018785
MED31,0.14916908018854091
KANSL1L,0.14875008706001291
TTC30A,0.14839397630729315
ERO1B,0.14819789496034586
REG3A,0.14709948488839605
TCP11L2,0.14687857553992012
PYGL,0.14642301898741708
SCARNA13,0.14631349068531688
SEPTIN6,0.14519973144550344
G3BP1,0.14515264904371955
IGF2,0.14498484746955875
GPR180,0.1446037880537323
RNF157-AS1,0.14453554119578768
FZD7,0.1444114116279601
TPK1,0.1441839508168187
TMEM167B-DT,0.14402322185522326
ITPKB,0.1439546995108751
DOCK9,0.14395006697449297
SSTR1,0.14391975076228988
LINC02580,0.14384035464687178
PPARGC1A,0.1434105885396932
CKMT2,0.1423197548399664
ID3,0.14210682400037222
CFAP20DC,0.1413692756749863
ATP5IF1,0.14120901815323184
IFI44L,0.14054135823250655
GLDN,0.13991864388126518
TMEM72,0.13916212466505812
PTPN13,0.13861446043295292
AGO3,0.13852269179809001
PKIB,0.138257957499913
RTL8C,0.13804595591762542
BBOX1-AS1,0.13725867216711277
DEFA5,0.13708925707790293
HIP1,0.13621496417510706
MAP4K3-DT,0.13613224364140644
LOH12CR2,0.13597077448165523
RBP2,0.1354269967422244
GPA33,0.13483182267960592
LRRC77P,0.1337261342214107
ADRA2A,0.13368311918220577
CFAP69,0.13323186384323388
ATP2B4,0.13212604679712164
NBL1,0.13211714014458772
AKR1B10,0.13173442056605802
FHOD3,0.13161195933630065
MMP24OS,0.13133661575468103
ZNF501,0.13075747498362023
RTL8A,0.130744558433324
RGMB,0.13039197896418156
TRIM13,0.1297777114502139
LONRF3,0.12948380770308107
OLFML3,0.1289380528293215
HMGN5,0.1288901415844371
CDHR5,0.1286225241304621
MATN1-AS1,0.1285227562452525
SYNPR,0.12842341232512727
TNFRSF10C,0.12839101320569232
ZNRF2P1,0.12816209435459905
RETNLB,0.1278137415850786
PDE9A,0.12739931240626295
TMEM37,0.12686667495138174
CD247,0.12614823699816782
ADGRD2,0.12612299565337518
GAS2,0.1259052376843427
ABCA1,0.12566786403623106
PTPRD-AS1,0.12561405626712926
TLX1,0.12541182456887665
SUMO1P2,0.12474323387883873
SOX7,0.1246083548635192
NGEF,0.12433082922261955
HMMR-AS1,0.12327834500448616
AKR1E2,0.12321510159370012
SCML4,0.12308215500797577
SLC7A2,0.12285602319609513
NDRG1,0.12262595870064895
WASIR2,0.12236558931428403
TMEM178A,0.1221510629784692
MGAT4A,0.1220284191871546
FAM27C,0.12199630595544925
KRT23,0.12193516050863143
MYEF2,0.12166541209687268
PGBD5,0.1216517989759613
SH3RF3,0.12157039363443065
EGFL6,0.1211940355720124
MYH7B,0.11998992294714644
CD84,0.11945402321316854
LINC02086,0.11919023508744411
LRRTM1,0.11825081689090752
ZCCHC24,0.11814052139736866
CACNB2,0.1174535184236615
IER5,0.11742698503364458
ALCAM,0.1164512301780034
NINL,0.11641386270723468
ALDH8A1,0.11632950109186205
TRAM1L1,0.11621237648951689
SLC8A1,0.11619787066519854
FREM2,0.11556879060777452
CTSS,0.11539755984256383
EML6,0.11529700150729219
PTPRM,0.11514782956134255
F13A1,0.11494548623162708
SEPTIN7P14,0.11431986278369737
LRRC19,0.1143066196515233
H1-4,0.11418610252169914
PMP22,0.11390648812674287
ZNF814,0.11369857679259011
CPEB3,0.11344362750837444
NFATC2,0.11342281519688846
BTBD8,0.11324246828889603
SGSM2,0.11314998941631425
ZNF785,0.1128690777459313
GRAMD1C,0.11234202084613838
TARDBP,0.11161343108362959
SUGT1P3,0.11139644599448979
HSPA1A,0.1113632456809186
UGT2B17,0.11060503225998661
TMCC1,0.1104455857349886
SKAP1,0.11040212576309388
MITF,0.11038737606652563
EGF,0.11032620808757543
AGO4,0.10987997111836986
TRIP11,0.10982196614608714
APOA2,0.10973276201381542
LEPR,0.10938855697621405
CFL2,0.1093470865937233
HOXA-AS2,0.10900885553240239
CHRNB1,0.10900167807876755
ABCC5,0.1085071249259287
REL,0.1076819451806019
WWTR1,0.10757835046156995
NIPBL,0.10741099429265351
GAMT,0.10733403744504448
TRPM6,0.10716353804535858
CELP,0.10709886412037987
PTEN,0.10709632523905255
MIR9-3HG,0.10695460866184159
ALG10B,0.10649435384833082
PRDM5,0.1058860698371918
GABRA2,0.10573985143927464
MIR205HG,0.10543741525542055
TBC1D9,0.1053669488023907
CYP4V2,0.10503753093411711
SNHG27,0.10499927635856701
DNAJC22,0.10442723142760302
RBM26-AS1,0.10437965998973933
CHP2,0.10373647891866908
LINC00960,0.10357470305850643
MEGF6,0.10345655549452885
TTC39A,0.10282712614024624
KLF3-AS1,0.10281433407111364
RGS7,0.10255477925779352
KCNJ10,0.10223865515399903
RECK,0.10191254500092513
PRNP,0.10183623587921548
WT1,0.10180113990607932
CAPN6,0.10149670129433927
PHLDB2,0.10132351303925356
MAGI2,0.10125851538373062
GPNMB,0.10122389747885957
VAPB,0.10099474660849578
ACP5,0.10098143442206169
FAM221A,0.10059675702016692
OLFM1,0.10043413922446914
EGLN3,0.10040909065800314
IYD,0.10035579644405737
RDX,0.09970165721686272
ATOH8,0.09952875699251691
MAP3K7CL,0.09941855373594673
ASPRV1,0.09896355489013496
SMAD7,0.09889326148325603
KITLG,0.09859664160623055
SENP7,0.09843748953241194
PRKD3,0.09821360949038616
AATBC,0.09770539751335669
CENPJ,0.09752639505851265
TMEM47,0.09743217755707219
DRD2,0.09737889527381229
PNLIPRP2,0.0969036937153163
CD81,0.09686409423790304
DNM3,0.09680755947619304
ENPP1,0.09665670786559416
PTGES,0.09647805611382541
SDR16C5,0.09646609297448112
LMOD1,0.09631230158778144
IL26,0.09627911984143807
CYP1B1,0.09594643155959061
ANKRD20A1,0.09586410545871564
AZGP1P1,0.09562157637742638
ZPLD2P,0.0954359759241552
GZMA,0.09507818514599935
NAV1,0.09490075869797944
NLRP2B,0.09453666738635583
CPT1A,0.09427210608634579
ENPP2,0.0941384064380884
ITPRID2,0.0941301209927519
GLUL,0.09409415710359934
SPINK5,0.09387463519010172
ZNF423,0.09382710895427444
PARD6B,0.09360300154526197
SMIM5,0.09357489219183386
LINC01091,0.09343552284531459
ABCB1,0.09310365475027674
ASCL1,0.09293790111702899
LCK,0.09286806031464459
RGL3,0.09254115072246394
DCT,0.09250911815639325
SUSD4,0.09217498421769281
TNFRSF19,0.09191074135220116
BDNF,0.09182383380749176
AGTR1,0.09177654808597993
CD40,0.09155050172891946
MCC,0.091470150355389
CLU,0.09141908006633707
GCNT2,0.09133677138041105
CARD6,0.09018009376924253
FRMD4B,0.09014798275017165
IL1RAP,0.08956714270561997
RAB34,0.08925861550136398
ACTA2,0.0891233629838237
PAX8-AS1,0.08904040789321827
KCNV1,0.08896207074648142
HAUS5,0.08895470776137061
TMEM178B,0.08812386954471745
FANCB,0.08789915428258559
ICAM4,0.08757797779467705
TUBB2B,0.08752742606895504
SV2A,0.08702844465258705
HEATR1,0.08654102718630832
MYH10,0.08633447354809803
TBXAS1,0.08628575363247018
USP47,0.08619039197110955
TSC22D1,0.08607052988596633
SNRPN,0.08594610318152464
PLXNA2,0.08527578154252775
CD70,0.08493643876840135
IL10,0.08487264159400411
MR1,0.08446435838230089
MIR210,0.08427328375810053
FRRS1,0.08423671286884288
ANKRD37,0.08420772400903151
LEMD1,0.08382544399209524
AADACP1,0.08360435785175262
ELAPOR1,0.08355585606699217
IGFBP3,0.08354059930966397
BCL2L15,0.08329398198204066
DIRAS2,0.08317575270400131
RASGRF2,0.08289273583883228
AMOTL1,0.08273807937311418
FAM161B,0.08252756887309846
SYNE3,0.08244739159599707
DDX6,0.08242901373960247
PSAT1,0.08223767674795293
PARD3B,0.08223327690275692
CNGA1,0.08200040640412322
PKHD1,0.08190842749234452
FTCDNL1,0.08164834675111997
SNORA78,0.08144607523005976
FAM169A,0.0807038610982524
SLAMF6,0.08069602709573594
ASPM,0.08035949181294674
SMOC1,0.08013755018336874
LAMP3,0.08005233320310969
PLXND1,0.08002932992058226
FTX,0.07985399604559143
SPACA6,0.07970592708292355
MAP7D2,0.07929732831159884
SYCP2,0.07928839434236445
CBX5,0.0786143445219779
BTN2A2,0.07841676001279825
ARHGEF26,0.07824057921677081
WDR33,0.078156378715969907
IRX5,0.07796519726426115
KCNAB1,0.07792662889467715
IFI16,0.07754210164763821
MCHR2-AS1,0.07744854001525862
SLC1A3,0.07739772538407898
FGFR3,0.07739177627405365
PPP1R1B,0.07736137563246145
FMO5,0.07735171521177457
CPA6,0.07694379159560623
LRATD1,0.0767524248756411
CCDC150,0.07638152184916822
TGM3,0.07600438430558809
AGT,0.07539630556719541
SNHG14,0.0753511097370581
MIR210HG,0.07501451480703782
SLC25A5-AS1,0.07464672947252682
PLA2G12B,0.0745162448701925
FCGR2A,0.07443879802915192
SLC4A8,0.0743412318317372
ZNF550,0.07388218264592615
THNSL2,0.07330196969035731
DENND1B,0.07323296182579948
CAMK1D,0.07301146784138704
TSC22D2,0.07277974444505864
GRHL3,0.07233426464129628
RSRC1,0.07183517594492997
COL4A1,0.07171405733597135
PDZRN3,0.07155580033319038
MYLK4,0.07082290898934161
EIF2AK3-DT,0.07068451900768577
BEX5,0.07049454967195892
PLEKHH2,0.07036309252981875
LMCD1,0.07025660729398812
ARMCX6,0.06999656984095096
MLLT11,0.0698626001220995
CYP4F12,0.06985624257966207
SLC43A3,0.0688439808510213
C21orf58,0.06870249582504748
SATB2-AS1,0.0686080385070892
DMKN,0.0681758625057914
H19,0.0680867125072345
SATB2,0.06805016760993823
GLYATL1,0.0678097077860224
FAM104B,0.06738383820492488
ZMAT3,0.06723324143652114
FREM1,0.06695777863918417
CST7,0.06641748619263262
ZMYND8,0.06628493207555644
TMEM238L,0.06619565953782339
CABP1,0.06616731616697238
APOH,0.06592001450515642
ASIC2,0.06537677991409364
GPATCH2,0.06528255481970419
PCSK1N,0.06448838375909852
TP73-AS1,0.06440765010625112
CYFIP2,0.06429467895898273
THNSL1,0.06397763201153395
TSPAN2,0.06391582714498505
CDCA7,0.06386546429560934
TSNARE1,0.06384879887758017
RUNX1,0.06357702523792552
LIPC,0.06346356220960249
SP140L,0.06312479055809286
TENT5C,0.06293902254709503
MEP1A,0.06290768754817157
DENND2A,0.0626901197390132
TRAV39,0.0618599037525707
PTCHD4,0.061719849143693016
TM2D1,0.06140254813797707
DCHS1,0.0611359400939695
VENTX,0.0610265482343076
HSD11B2,0.06087831640896294
ASB15,0.060806980088136
MDM4,0.06067658700340985
OR2A20P,0.06051409800436061
CPNE8,0.06044335886108511
PRKCQ,0.06029867559168319
NMNAT2,0.0602335387954843
ARMCX4,0.06022364357014858
OTUD7B,0.060200734216123736
KLK3,0.06002559962455514
GATA6-AS1,0.05936632905326912
FKBP10,0.05881780547035191
SERPINI1,0.05870762828039912
ZNF503-AS1,0.05870401260939616
AMACR,0.05868163091783371
PRKD1,0.05857104993586602
TUSC8,0.058568582584163455
RFX6,0.05830047261774598
VMO1,0.057789402295584644
CUL4A,0.057778640467978995
MAGOHB,0.057618825732122944
APOL6,0.05747586481195381
MAP2K6,0.057309757481868125
SLC14A1,0.057115240821980204
C1R,0.05663327751237046
PIFO,0.05603134042009313
ECRG4,0.055854868997272614
IL1R1,0.05549172369754425
MAP3K2-DT,0.055283791358629895
STK4,0.05509715581506595
ISG15,0.05487400983305703
RBMY1A1,0.05468739881132741
CEP126,0.05452321914800419
ZNF214,0.05448234476831273
CYP3A7,0.054478674990244155
XRCC4,0.054381217956321774
TTC7A,0.05427631658215591
TAS2R14,0.05426599653615902
TRIM31,0.054195359225106265
H2AC8,0.054194653492684604
DUSP19,0.05418675117678037
TTPA,0.053931122525237275
DYNC1I1,0.05391752239651729
CMPK2,0.053900887665441696
ZBTB46,0.05364925381284333
HEY1,0.05360841191424541
RPAIN,0.0535844131725976
FLG-AS1,0.05355770518336481
KPNA5,0.05333995338788504
KDM5D,0.05331168821079917
MDM2,0.05314084478287147
CEROX1,0.05297942074701472
CFTR,0.052652997596765484
BTBD11,0.052524024738062676
LACC1,0.052423472245874035
PLP1,0.05241096673491006
XK,0.05237610479684568
LYPD6B,0.05230613748220761
MCM3AP,0.05208341615719211
YJEFN3,0.052023806627854774
HM13,0.05188516253509659
LINC00992,0.05175967963040351
HOXA5,0.05150963166826663
NKX2-2,0.05139434235415693
FAM111B,0.051387017114895066
P2RY1,0.05137930073054272
CTNNA2,0.051288362581575646
C15orf40,0.05072466251697964
RIMBP2,0.05050628797926598
IGFN1,0.05017657264763985
PTPN14,0.050089417594273856
CCSAP,0.049710865545687814
ABCC6P1,0.04966092194098072
SCAT1,0.04928298783435927
TLCD4,0.0492244866524556
ATXN1,0.04911225062111568
FAM241A,0.04905900797576536
RARB,0.04888584109789473
TNFSF9,0.048869224078669546
MFAP3L,0.04885743636368885
RASGRF1,0.04849232618592391
BICC1,0.04840954411784727
FASTKD2,0.04836959035755785
DUBR,0.04835370367570729
STYX,0.048333683624471525
BACE2,0.04794937248718412
ALDH3B2,0.04791855065379149
DIP2C,0.04788779108288115
CA12,0.047859454623362364
PTGS1,0.04773733222580178
RNF144A,0.04737790940543983
DHX36,0.047068402015928226
EIF4E3,0.04703850647288381
LINC01410,0.046620018677489834
ROR1,0.04658643661413312
VSIG2,0.04650155280632483
IGFBPL1,0.04638196287471423
APOBEC3G,0.046375287777759476
CPQ,0.046266585144759134
C9orf24,0.046125954108057254
ASPHD1,0.04581182060330043
ANKRD17,0.04559666234097547
ETFDH,0.04556254039388621
NSUN7,0.04554941628227715
BFSP2-AS1,0.0450574106824562
MAGEC2,0.044963559970645633
DQX1,0.044938951063195995
NME5,0.0448321891881401
FAM149A,0.044733252421239086
SP100,0.04470234168459366
IFI27,0.04452417772003892
MSX2,0.044507422228919485
C1orf115,0.0441656216525508
RPL5,0.0441433495432926
ID4,0.043753672737278884
JPX,0.04362738018219487
DPP10,0.043418224274732624
ANKRD29,0.04319653982125652
TMEM255B,0.043079802225249327
MERTK,0.04295053033540769
ZNRF1,0.04291784438896221
ANKRD40CL,0.042903859776729676
DSG2-AS1,0.04274734410228236
CCL24,0.04272978854034538
ZAP70,0.042492579073618496
SLC27A5,0.04234706437774999
EPHA4,0.042302705060707546
XPNPEP2,0.042175125784435635
LINC00205,0.042005946723823295
SMURF2,0.04179430893641217
AMY1A,0.04178210373845592
L3MBTL1,0.04174357708042053
KCNG1,0.041711715849555193
KIT,0.0417019124376746
WFDC2,0.041682741000731174
ZFP37,0.04165106092829315
NAALAD2,0.041648249906604276
HS3ST6,0.04149418445040833
GXYLT2,0.04132810436312426
LINC02575,0.041128880166322865
SERP2,0.04072757802210979
RTP4,0.040508668280422364
GNAI1,0.04043439665034918
NAA25,0.040376344832916605
DDIT4L,0.04031477579312398
IGF1R,0.04010109510329116
PPFIA4,0.03985411063838403
RTL5,0.039829718986609905
KLF12,0.03971523978395411
CCDC153,0.03952826678521041
OTC,0.03949827081168038
GK,0.039300569208048294
TRIP6,0.03921842489129904
HOXB-AS3,0.039186802081053095
PRKN,0.03837065580399171
ESR1,0.03833786312040263
SLPI,0.03812636353651679
SSPN,0.037826342925965685
VSIR,0.037817153058222926
WDFY2,0.03778456218967808
CRACDL,0.03773655727558009
LGSN,0.03771074818548476
ABCC13,0.03753780539325078
C18orf54,0.036973814689544235
TAF13,0.036902040284839246
PHF3,0.036867275188228917
FCHO2,0.03662553722349534
H3C6,0.03658477959116251
LINC02303,0.036416484625251384
MCOLN2,0.03638933917477461
FN1,0.03614036662927502
AQP8,0.03590808910534953
PPFIBP1,0.03562685222940788
HSD17B2,0.035567705908339346
IFI6,0.035562819328841803
ARL10,0.03546502262959235
GNL3L,0.03531651393280693
PGBD1,0.03497152415713964
CDK13,0.034951694476363995
F5,0.034894372963643165
GJA3,0.03480268761495362
TMED4,0.03461031501521362
BMPR1B,0.03438353520311517
SLC4A4,0.03424206921418204
KCNJ3,0.034227767789337955
LYSMD1,0.03406356732494207
SLC16A9,0.03400800737651784
LRRCC1,0.03384181601199601
TINAG,0.03382187109604021
DACT1,0.033808399504090814
PREX1,0.033789918422542566
AKAP10,0.03346259884458827
WNT5B,0.03342863930146558
GPR83,0.032980599712196995
OPRD1,0.032881757180099835
ENPP5,0.032812880050107136
GPR87,0.03275986401350314
SEPTIN7P2,0.03270805848557893
ARAP2,0.032660684388183966
CRLS1,0.0326109038759739
L1TD1,0.03232187252385835
CLDN2,0.032257159734475474
STYK1,0.03214303753510766
NTN4,0.03210567612428122
MARCHF6,0.03206113348701463
CCL26,0.03180039508661252
IGDCC3,0.03172598350459845
GUCY2C,0.03159701038174119
ANGPT1,0.03151561848944925
TLR4,0.0315100480285372
CTAG1B,0.03128831595225761
ZNF124,0.031265549903878066
NODAL,0.031088690885085674
DOP1A,0.030951677848251057
ARID1B,0.030930896695132153
SLC2A13,0.030810326511164506
RPS6KA5,0.03060703032332466
ABCA13,0.030167758135676005
TOX2,0.030060671262991383
ARMCX3,0.02998960157501957
TPR,0.029699508239664774
GDNF,0.029361129597125116
DNAI3,0.02934787060136122
KIDINS220,0.029230784843905684
SRC,0.02912605187563889
TXLNGY,0.029083384919722788
CTC1,0.028889421902072523
SPATA18,0.02878153914283959
SLC12A9,0.02871768178301673
RBP1,0.028634193296652136
CLSTN2,0.02840236520977241
ZNF215,0.028340771248652093
ZC3HAV1L,0.02830464915493619
RMDN1,0.028203284475669277
EMX2,0.027896602666028354
PAPPA,0.027861282613691765
MEIS2,0.02737337609179461
C2orf88,0.027354306125587063
INHBA,0.02719673235261567
UGT2B15,0.027114831831699895
VCAN,0.02704659307377492
FOXP1,0.02678962021470589
YOD1,0.026758028140909985
GPX7,0.026574777861348965
MATN2,0.02649286073000079
SAMD9,0.026469547659149655
LINC01234,0.026372768303482074
CYP26A1,0.02616177445562791
RAPGEF4,0.026138864820490958
MYRIP,0.025853120993286294
SIGLEC6,0.025673705945177018
ERG,0.025576963878561353
INVS,0.025559031277662392
INTS6,0.025480035918506706
PURPL,0.025328876240957116
MED18,0.025305782742927153
AGR2,0.025253039652730007
KDM1B,0.02517293633245966
VWCE,0.02513601098346689
DAAM2,0.025115310931476547
MEP1B,0.02503440988366417
FBXL17,0.025024921805309783
ZBTB1,0.025012734689811408
DIO3OS,0.025011097098239815
DIS3L2,0.024641787966278226
CFAP92,0.02459929481880481
BEND7,0.024538239314436314
ABHD2,0.024496587024449134
CGAS,0.024468120600016928
SDSL,0.024283327865081757
TMOD2,0.02420047234234743
FAS,0.02399346839868285
USP2,0.023846052826722523
COL18A1,0.02373191705569864
CDKL5,0.023558176764130013
NRCAM,0.02354846664371699
AGXT,0.023487096520590146
LINC01088,0.023350712837598916
REG1B,0.023324609501299484
DEFB1,0.023263354558506474
MAF,0.023255901840788386
SAPCD1-AS1,0.023236573180021685
MX1,0.023228453834420265
NR1I2,0.023226801622221484
SGO1,0.022905767002861958
NPIPB3,0.02287035580296753
FAM3D,0.022869006348295706
NPTXR,0.022712708370112064
COL6A1,0.02261958324569708
TMEM51-AS1,0.02261335700644872
SULT2A1,0.022501044024845485
ATF6,0.02245730107057973
THAP2,0.02235436977987275
LMBRD2,0.02193172063953567
CAHM,0.021918968664382334
ZNF616,0.021873412549735047
RASA1,0.021846699881802906
NCALD,0.021830478874439504
LOXL1-AS1,0.02181124438815612
DEPP1,0.021798781899633267
ELOCP3,0.02178309042077656
PAX9,0.021773674156096576
FYN,0.021610040180484152
TNFSF10,0.02156893079220673
RAD51B,0.021412722194924627
RGS9,0.021381230732639808
SLC22A17,0.021241008696543405
LRRC34,0.021163581263443875
SLC3A1,0.021040817500589146
VGLL1,0.020998582044007893
PTGS2,0.020971412057258127
EPHA7,0.020925293666826675
DOCK8,0.020895459273050972
LINC00838,0.020863629615081283
CLGN,0.02071767962977515
STRN,0.02071571607855571
SCAI,0.0206586908714579
ZFAND4,0.020632688832921683
ARHGEF35-AS1,0.02057394610846734
GRIP1,0.020571078943874284
IGF2BP1,0.02055110502568093
XRN1,0.020528319592003963
CDX2,0.020426867783567317
CKAP2,0.02023180312548988
NPNT,0.020225388196005726
GNA15,0.02007669380465085
KCMF1,0.019969392296084153
C4orf47,0.01995267682549061
TPM3P4,0.019862756699434016
CCDC18,0.019694829815780794
DNAH6,0.019299783098160248
ASB12,0.019252813864925215
FAM83B,0.01918035013855484
ZNHIT6,0.019150166779197658
GREB1L,0.01912352820844826
FAM133A,0.019079729450632767
MNS1,0.019051706461606623
HECW2,0.018785571264126926
CTLA4,0.018775619010543827
TMPRSS11E,0.018636647749251313
FKBP7,0.018422996784138588
PHLDA3,0.018359963356325802
FBXO15,0.018296228422934976
GSTM3,0.018287758367275486
SLCO5A1,0.018219601066006404
SMG1,0.018174386949831197
ZFP69B,0.01804609844723164
TRIM2,0.017986900386528563
MRE11,0.0178227800765411
ERV3-1,0.017700455054790995
TNMD,0.017639816063420077
COBLL1,0.01758958438949076
FAP,0.017534006987879654
NPL,0.017162193019801705
TANK,0.017119069774603198
DNALI1,0.01708520560226463
SCG2,0.016922574597710804
BLZF1,0.016902320218148126
MTHFSD,0.01688796846662664
TRIM24,0.01687457317140214
SRSF4,0.016639324769245158
FAM174B,0.01656747232073191
AHSA2P,0.016401148053738806
FERMT2,0.01635174856946679
CYP3A5,0.01624118677587755
DMD,0.016133081584260536
OSTM1,0.015769258467560308
MIOS,0.015670685491709316
SH3TC2,0.015329152805442297
DNAH14,0.015122734397077937
ARL17A,0.015121281185312668
METTL3,0.015117427781034379
PRDM1,0.01507701637645414
DNAI4,0.014937721043505341
SLC51A,0.014936042693566872
CBS,0.01485785029712692
TDO2,0.014808140446501347
GPBP1L1,0.014644834303833034
RNU6-73P,0.014390707772172651
SDC2,0.014336196946342588
NPC1L1,0.014208840842692026
LRRFIP1,0.014172688057797285
ST8SIA4,0.014162898247298206
MED6,0.014117662076942724
CACNA1D,0.013856319537288333
NIN,0.013782184962911207
AGBL3,0.013772875903861621
ARMC2,0.013207091427394483
PARD6G,0.013171309421308003
HCN1,0.013159600258675914
SEC22B,0.013126376101247627
FBLN1,0.013065837225077847
HERC4,0.013047765449859116
LINC01133,0.01277826679894322
EIF1AY,0.012705966743571433
CLRN1,0.012658803582207698
CDH7,0.012562034748227837
HNRNPK,0.012521652763349411
H1-8,0.01249329400781006
AMN,0.012490937396792036
LINC01116,0.012483079352079183
B9D1,0.012284976591808456
ZNF396,0.012266883162191912
FPGT,0.01226431291382248
HEY2,0.012145226780126715
B3GALNT1,0.011930091372099608
FOXP1-IT1,0.011897093446072333
SPTBN2,0.011896285939379778
MLF1,0.011855338667293944
PBLD,0.011791507276040386
MIER3,0.011732042083629941
ING3,0.011729247891516767
SIRPA,0.01159660373377142
CYP2C9,0.011572725995740201
LNCAROD,0.011445687872647112
RNF32,0.011296687779013038
MRPL50,0.011289233546051882
IL1R2,0.011129397586090044
VRK1,0.0107179417637535
ARGLU1,0.010616957946128536
PRUNE2,0.01057263910346314
HHAT,0.010557430759970225
ATOH7,0.010480263779863346
EHD3,0.010434454727108656
NOVA1,0.010400800033942052
NRG1,0.010371415573324385
PCDHB2,0.010117544169714707
FAM171B,0.00994551631195421
ETFA,0.009841961428141473
KLHL29,0.009745899261399514
PYROXD2,0.009627507817344469
DEXI,0.00957770218022224
SYNCRIP,0.009487588769901746
FBN1,0.009477872778265011
MED13L,0.009411342387125697
ST8SIA1,0.009411309423852607
PRTG,0.009278879456033557
PLCG2,0.008991601126481343
LIF-AS2,0.008963719830730108
MX2,0.008929362263169717
PALM2AKAP2,0.008911030438512536
PAPSS2,0.008890803449748155
KLHDC1,0.008874620481088873
ID1,0.008798108286408696
ZEB1-AS1,0.008763598660733268
RALGAPA2,0.008737494984175899
FSCN1,0.008710092747623068
ITGB2,0.00858972408597375
MIR34AHG,0.00847066169293304
SORBS2,0.00845797052128718
NXPE1,0.008457607029636272
CEP95,0.008243795212733898
WNT3,0.008228022707309652
PPA2,0.00818777564844097
CABYR,0.008122167376859224
STX19,0.008054693641263431
ZC3H12D,0.008033649236644078
TSPAN4,0.007923819635026913
LEFTY1,0.007662011752151078
RIPPLY3,0.0076482629474971834
PRKACB,0.00763886712677843
SPOPL,0.0076258231505439
BPI,0.0067651667780814
KCNJ2,0.006758782819462795
HHEX,0.006756795913169988
CPS1-IT1,0.006714658005186387
CFAP70,0.006706276869510351
TUT4,0.006654872604987031
VPS8,0.006631057394707169
HDX,0.006611211577738973
ZNF770,0.006509025238191357
PLA2R1,0.006435444886377599
PCDHGA8,0.006405263991625118
NRP1,0.0063741467523630085
HLA-DRB1,0.006320166063844046
CXCL12,0.006304522915211831
WDHD1,0.0062926076796966275
AFAP1L1,0.006227290771069137
PRKRA,0.006127651231563776
FNBP4,0.006110208787147087
ERCC6L,0.00581962103670531
TAF15,0.005810681000139521
SERPIND1,0.005718382145533997
VTN,0.0056829653898184855
AKR1B1,0.005679360116556779
LINC00667,0.005636300383911019
SLC12A6,0.005617278507750583
COSMOC,0.005576652915151727
OLMALINC,0.005530185367176482
MAMLD1,0.005518557502253286
AK7,0.005306658068992527
ORAI2,0.005267064738211947
AK4,0.005236742616362481
PARP8,0.0050920752145427375
TH,0.005036719433966882
FAXDC2,0.005020047885610538
ATP8B3,0.005004544566672585
ZNF586,0.004911358359362523
TMEM165,0.004845423263616591
IL37,0.004837342556692775
HOXB6,0.004737861267263604
FPR3,0.004690373569919236
ONECUT2,0.004668203552085664
GPLD1,0.004572243417427145
LINC-PINT,0.004539981618379359
TRIM6,0.004513905260082631
CCRL2,0.004506746241639643
CCDC32,0.004399216099683387
DOCK8-AS1,0.0043930704620027405
OR51E1,0.0043566231836227156
TRIM22,0.004344929844566219
USB1,0.004107468834038994
ZNF711,0.004057566608004951
FNBP1,0.00400335109744986
TSC22D1-AS1,0.00392638078500686
GATA3,0.0038648047716370914
LRRN3,0.003852431622416576
TET1,0.0038288291721202358
IGFBP7,0.0037544359071467834
LINC00906,0.003465535059184805
STRA6,0.003386944578534278
TOR1AIP2,0.00315424697022274
SYNE1,0.003099048165958346
FAM24B,0.0030795479234531314
JAG1,0.0030735675411488867
ANGEL2,0.002973745132521501
PRDM11,0.0028072527238463536
POU4F1,0.0027794628537631456
TUBBP5,0.0027756539206822547
ZC3H14,0.002731538127602736
ACSM3,0.0026853328695903528
HELLS,0.0026039224933669773
CIART,0.0025720242058268456
PAX6,0.0025015114237092327
DSTN,0.002418534624564254
SLCO4A1-AS1,0.00238577823838985
DGKH,0.002256076191483177
TM7SF3,0.0021369966396021602
SRPX2,0.0019185921155281157
FABP1,0.001784693200192267
PIH1D2,0.0017648827534659333
GUSBP1,0.0016393963921451913
CYREN,0.001624058707983069
RHBDL2,0.0015176164749698979
OTULINL,0.0013888130656927206
ALKAL2,0.00137921921250212
PCYT1B,0.0012086762450630826
FRMD6,9.392748572318874e-4
TLCD5,7.894546489677515e-4
CA9,7.198107035094965e-4
CACNA2D1,6.362747434154878e-4
FRY,5.491878012413564e-4
SNHG4,5.041087635793746e-4
ZNF37A,4.884860152072199e-4
FBXO9,4.6502791892920017e-4
CDNF,3.508710994547312e-4
SLC7A1,1.8062919218037835e-4
LMNTD2-AS1,-8.661481282428e-5
TTC22,-2.4506722344303867e-4
AIG1,-4.411546953791576e-4
TGFB1,-4.666172482472771e-4
ASXL2,-4.7583855781258813e-4
TDRP,-5.387094419851164e-4
RALGPS2,-5.926034416192286e-4
NIBAN1,-5.99416965818465e-4
MEF2C,-6.38873638156763e-4
SLC26A3,-7.260266962000122e-4
NOC2L,-8.942073654186421e-4
CATSPER2,-9.085127475442523e-4
ADAMTS19,-0.0010732940009903567
TOR4A,-0.0011644347661632223
RIC1,-0.0012381005337039365
SCFD1,-0.0012866793530126085
PDAP1,-0.001334766063330223
PDXDC1,-0.0014174056508442338
HSPD1,-0.0014455070761730036
AEBP2,-0.0015732575720131662
APOBEC3C,-0.0016417454356979259
FZD8,-0.0016503809742818777
GALNT18,-0.0017471070337345795
H2BC4,-0.0018906593999093288
FOXD2,-0.001986951981237845
BUB3,-0.0021336490661797275
SLC36A4,-0.002197324582703082
CDS2,-0.0022277125181878747
GJC1,-0.0024628450754343566
STK33,-0.0025288913827231116
EXOC6,-0.002628875147150184
CASP4,-0.0027807115229761957
CALD1,-0.0027885213040558946
"NA",-0.0028284506733295147
HNRNPH1,-0.0028388534439924935
SNHG3,-0.0029234012933486192
KCNK6,-0.0029240218089434476
WIPF1,-0.0029694996434448326
IGF2R,-0.00329019133540123
LIMCH1,-0.00337365092118003
TBC1D32,-0.003458718518413735
PDK4,-0.0036669351831094842
ZBTB44,-0.003759906707950828
CD44,-0.003783633236829594
RNFT1,-0.0038750487954710383
PGAP1,-0.003924398271162254
NR3C2,-0.004097968159869404
GUSBP2,-0.004217066098426146
CAND1,-0.0043065978404068245
OXCT1,-0.004325151527489615
ATP6V1C2,-0.004337860861228453
SLC2A10,-0.004469540674143623
HMGN3-AS1,-0.004487224487593194
TMEM171,-0.004673059180132191
SLC35F5,-0.004716438236143477
NCBP1,-0.004735557856122113
INSM1,-0.004744199117857911
C1orf43,-0.00475580858253953
GRM8,-0.004784562067629039
FXYD2,-0.004825102440646753
BEND6,-0.004869084442481664
SYT11,-0.004912278877505331
FOCAD,-0.0049416441473166765
RASGEF1A,-0.005124474159814979
EPHB1,-0.005154111088964585
SAMHD1,-0.005180931849000611
RNF14,-0.005313652709201191
SEMA3A,-0.005412489076816904
SNHG29,-0.0054197753949508255
RAD52,-0.005551798904000864
MIR3682,-0.0056860081415906795
AKNAD1,-0.0057154055964907914
FASLG,-0.005889003020162155
ATP10D,-0.0059174013096802355
LINC00869,-0.006039163582791846
EPB41L4A,-0.0063058914229299
TGFB2,-0.006426182049962062
ZFP82,-0.006578631797044702
CACNA1E,-0.006584127285559026
SYCP1,-0.0065889266626721205
SLC44A3-AS1,-0.006603517789176727
NXPH3,-0.006661008891726235
ANAPC5,-0.006711491599524494
ZBTB37,-0.007021927265655746
CPLANE1,-0.007074832513559897
PLTP,-0.007120326679990706
BTLA,-0.007141475615404012
PCMTD1,-0.007228816934110119
TFPI,-0.007290403162066792
PACSIN1,-0.007343174275675385
GTF2H1,-0.007447352146787309
ATG3,-0.0074525046015363455
IKBIP,-0.0074747856314636655
SLF1,-0.0075286846525461195
KRR1,-0.007590568355975518
GINS2,-0.007697419693215709
VAPA,-0.007758068982555434
PLCE1,-0.0077884750291201624
SIGLEC15,-0.00806570457517314
FBXO30-DT,-0.00812591025779813
CHSY3,-0.008244786212760718
NTRK2,-0.008296129041512383
RAB31,-0.008301287885185684
CDH26,-0.00831195455473355
ZNF333,-0.008365881931044539
SEZ6L2,-0.008401718327212862
ST18,-0.008454586609379552
CTSO,-0.008496931649126871
ERI2,-0.008677724739509486
RTKN2,-0.00878526545823375
EPHB6,-0.00883626493712287
RGS13,-0.008868449095804181
MBNL1,-0.008879393286582094
HAGLR,-0.008930089294423798
DDX19A-DT,-0.00895002524485074
NFIA,-0.00902352436904744
KLHL34,-0.009069218914179363
ST6GALNAC1,-0.009080753315588252
TMC7,-0.009140261503318595
ODAD2,-0.009286730001648494
GJA5,-0.00946650994927495
SHC3,-0.009653077892126624
NEBL,-0.00965769249216887
ZFP42,-0.009666902890289044
ITPR2,-0.009770808524175213
HECW2-AS1,-0.009812915502553952
RNU2-22P,-0.009943164291991399
DZIP1,-0.010053441280756728
SULT1E1,-0.010128226379560597
SLC14A2,-0.01014156015897507
KLK15,-0.010282763239511033
CFB,-0.010352339934662474
CAST,-0.01044266449375126
PAX4,-0.010531703228684141
LYPD1,-0.01055233903271799
ST6GAL1,-0.010564611089923563
PIGR,-0.010680442838199139
TET2,-0.010701516330017318
COL28A1,-0.010767425195574429
LRP12,-0.010797443175494114
MTTP,-0.010856980352443498
WSB1,-0.010872449655238954
AFAP1L2,-0.010879644647146991
IGHMBP2,-0.010983615069896372
CDH12,-0.011044621133624005
C11orf45,-0.011275478116914754
RNF183,-0.011608840386947485
C4orf19,-0.011699627766125003
LINC00173,-0.011710944056017405
OSR1,-0.011774468459125657
VWDE,-0.01199789988096105
KCTD15,-0.012001153162105255
KIF6,-0.01200752644570321
STS,-0.0120191626362122
CNIH3,-0.012042571273431241
SOX5,-0.012163584430462586
LINC01607,-0.012182390846060395
CTNS,-0.012206474295494664
CYP4F2,-0.012237818372726382
HDAC8,-0.012293534700928371
S100A9,-0.012316533281099865
FBXL14,-0.012387222077766422
BST1,-0.012654504746286512
B3GALT2,-0.01269983620715678
CLCA4-AS1,-0.012728287221898473
TRIM33,-0.0127942493952525
IL2RG,-0.012932954974177405
C5,-0.012992628015382885
SLC28A3,-0.013048993249502332
KCNIP4,-0.013091997185247325
ZBED2,-0.013122226444522036
CREB3L1,-0.013122704689020348
CEACAM1,-0.013339928046987547
ADAMTS9,-0.013424433008561781
LINC02754,-0.013435970553780997
MUC7,-0.013436164336661637
MYBPC1,-0.013479928984689702
DMGDH,-0.013490856254657018
IQCJ-SCHIP1,-0.013509566429020164
MID2,-0.013600308271657901
CLIC6,-0.01363407897654021
ANKDD1A,-0.013663701214028144
RBPJ,-0.013701566769054105
WDR31,-0.013781656840541171
GNAS-AS1,-0.013800007702080003
FIBCD1,-0.013803573780501562
LINC01431,-0.01384838483409634
PPP4R3A,-0.013935643095037246
H2BE1,-0.013964198875128907
ZNF334,-0.014008746315843501
PRICKLE1,-0.014093123425218628
KLRC3,-0.014142635501715357
PLA2G7,-0.014164162972779972
DMRT3,-0.014170904839692031
NEK5,-0.014244524210554148
DMRT2,-0.014258539728980354
CYP4B1,-0.014384009421373137
MYLK,-0.014425063176035847
HEPH,-0.01453295785363065
MAPRE3,-0.014705424429002406
FOXL2,-0.014901366603725402
KCNJ8,-0.014962018772505305
ZNF24,-0.015164986155190026
PGGHG,-0.015408361456954043
SPACA9,-0.015428708351294852
HOXD8,-0.015456098110584314
TIPRL,-0.015572867506948637
SLC46A1,-0.0157124812863643
EIF3M,-0.015747764945304873
NEUROG3,-0.015772717847346848
KIAA0895LP1,-0.01581882705934444
CCR1,-0.015871700913349183
COL17A1,-0.016075831215507128
CAVIN2,-0.016145166723768322
ATP6V0D2,-0.016146067876041243
FBXO22,-0.016457586792569433
CCDC149,-0.016563423959031782
MCOLN3,-0.01664106786176126
CLDN12,-0.016657425075483116
CYP1A1,-0.01678385858703281
ZNF365,-0.017030201166036953
MIR17HG,-0.01703616658227445
ADGRD1,-0.017206871432331405
ZNF532,-0.01724077124932434
RARA,-0.017336576081557625
SFXN1,-0.017342288607162207
TRBC1,-0.017403152464589216
RAB14,-0.017499630231428094
USP46-DT,-0.017549349596202773
DCLRE1C,-0.017625712500414236
PRR14L,-0.017795971523988093
ATAD1,-0.01782862596036293
PDGFC,-0.017903589880378917
TTYH1,-0.017968930942517097
CDC14A,-0.018064674408272904
PATL2,-0.01814233816912728
PLEKHG2,-0.018195047211835024
C10orf143,-0.01821771435590823
MBNL3,-0.01828226021892639
RPGRIP1L,-0.018433609894116056
RAD54B,-0.018455323742591213
HNRNPU,-0.018477833223753407
RASSF8-AS1,-0.018565303874954288
DDX11-AS1,-0.018584857201715634
ARHGEF4,-0.018649823910961875
PML,-0.018817275150057988
OSER1-DT,-0.019258338548312277
ERC1,-0.01934128960946332
RCAN2,-0.019357257324602844
CLCN5,-0.019383748407350694
PLA2G10,-0.01954391372851166
GFOD1,-0.01960478994758877
IQCH,-0.0196277346629865
APOE,-0.019648900073138072
RBPMS2,-0.019675071099096105
PRKACB-DT,-0.019772042339801815
DESI2,-0.01988174349168178
KIF13A,-0.019938077301040566
THRSP,-0.020357165467256848
HACD4,-0.020479164069221543
DLX6,-0.02053628082164522
TKTL1,-0.020540731277358715
BLNK,-0.02055445847560458
CDC20B,-0.020581063035366567
PRSS12,-0.020683938061548127
GMPR,-0.02079562790779362
GLIS3,-0.02093189744431297
PKIA,-0.021010038055271983
HOMER2,-0.021176052386323255
SP2-AS1,-0.021228146685359307
SLC30A10,-0.02139956387080244
ETV1,-0.021410392949581233
FANK1,-0.021427684044472244
FSD1L,-0.021540131091398136
MAFB,-0.022172973900990132
TMEM237,-0.02217914685307762
NUTM2A-AS1,-0.02243550737064884
KRT13,-0.022570086086337603
IGF1,-0.022576608859589533
VLDLR-AS1,-0.022587218456273397
PIK3R3,-0.022697150652141868
PIK3IP1-DT,-0.02274852995967533
LINC00663,-0.022769087952304458
PRKCH,-0.02282435956063187
ETFBKMT,-0.022867435193791513
TH2LCRR,-0.022929370897655604
CDC42BPB,-0.023010941806736063
GLS,-0.02311277465069593
PAG1,-0.02325735780498287
ZCCHC18,-0.023259146532330213
DSG2,-0.02326567953148576
CRTC3,-0.02336698856824829
NEB,-0.023527251449281
SI,-0.02356319142420074
ARID2,-0.023583617195146366
SGCB,-0.023617593424389464
C6orf99,-0.02361813624731696
RANBP3L,-0.023618911520124845
OR7E14P,-0.023641180652060265
MAP3K4-AS1,-0.02366160906355891
H4C8,-0.02366367713209798
REPS2,-0.023724612747867066
RNU6-37P,-0.023746196146428374
VSIG10L,-0.023775900230900062
MS4A12,-0.02381803641444998
FBXO17,-0.02386753168478216
PID1,-0.023947082460235577
CHROMR,-0.02397035028689526
ZCCHC12,-0.023989508020045656
CLTRN,-0.024007782481542565
IZUMO2,-0.024112846627406374
PIWIL1,-0.024485140320735257
FANCM,-0.024511461982644853
GTF2H2C,-0.024824569817159317
C20orf85,-0.024825346842039086
ZNF37BP,-0.02482994852399187
UST,-0.024953283192574782
SLC16A6,-0.024962469144088964
HSD17B6,-0.02515458174441831
PARP6,-0.025177907106347406
ZMYM2,-0.02539776306499311
DNMBP,-0.02553912936056663
ADGRL3,-0.02584832112408833
RARRES1,-0.02598221345399876
CADPS,-0.02599799806435036
SLFN5,-0.026068131998320674
SERPINA4,-0.026262605340391557
MBTD1,-0.02628978554150014
FOXD1,-0.02635475978627382
RAB39B,-0.02649752484070914
SLC9A2,-0.02655878212516177
BTC,-0.026830036871245723
SLC44A1,-0.027256240907743506
COLCA2,-0.027264696702731447
SLC51B,-0.027402614631765944
CDK14,-0.02742287832726923
SLC16A3,-0.027546715796001753
ARMC7,-0.027627053410823676
SLC38A5,-0.02772257264079035
MAP3K20-AS1,-0.027754136172462994
SPP1,-0.02775414861532132
FAM226B,-0.027803823338108324
EID2B,-0.027860907396369705
ANXA13,-0.027889055947971697
NLK,-0.028019785910399865
ADM,-0.028084964199223104
LINC01424,-0.028467842247559296
NMT2,-0.02848731644379821
TBC1D31,-0.02859430295653031
POU2F3,-0.02861866878909618
LINC00958,-0.028960408581547404
TMEM144,-0.029281564688177025
PMS1,-0.02950991543825176
CYP4F11,-0.02969812450410635
LINS1,-0.02974847492288552
IQGAP2,-0.029778360833311635
CENPBD1,-0.029855539107872888
GNA14,-0.030057660687295366
VTCN1,-0.030351259844525025
GOLGA7B,-0.030539892267191972
ZNF731P,-0.030865976720110818
POGZ,-0.030910133246418527
CEACAM21,-0.030926949432621132
TSGA10,-0.030927376539621455
ACTR6,-0.03096492244892995
C6orf15,-0.03097625667310799
PROS1,-0.03107269069877595
NCOA2,-0.031078177414422762
MRPL43,-0.031170600845088492
SIX1,-0.03126601979080556
SEC16B,-0.03138416026596259
TAF10,-0.031399373741986175
PRDM16-DT,-0.031924797868209384
SPEF2,-0.031965414802436774
A1BG,-0.03210579322665524
MORF4L2,-0.032258638914336404
INTS4,-0.03227764726333584
PCDHGC3,-0.03233013544630901
NEK11,-0.03251884905126817
GOLGA8A,-0.03256640210025778
CHRNA1,-0.032571912036752214
SMARCA5,-0.0326492856616851
ITIH4,-0.03268383997769812
GSPT1,-0.03283868587157022
RNASET2,-0.03294358126305386
IPO9,-0.03333904562885998
ATP11B,-0.033556183441099
DYNLRB1,-0.03359741483433342
MEF2B,-0.0336511024550688
NT5DC1,-0.0336550576164927
AQP1,-0.03374111537322309
TERF2,-0.03386173772125998
CYP24A1,-0.03395065572172484
WFDC11,-0.034015707151451136
EXD3,-0.0340328759928759
FCAR,-0.034055788299511405
EIF2AK4,-0.03411998845619405
FKBP4,-0.03438361093219545
EVI2B,-0.0344616597425328
GABRB3,-0.034546461665404184
ADRB2,-0.03466440902334929
LINC02119,-0.03474425071136406
TM2D3,-0.03480558013516202
CSGALNACT1,-0.03489909887591329
RUFY3,-0.035045807813874695
PKP4,-0.035053765014222145
GLS2,-0.03516014776434789
MXRA7,-0.035176113330420866
CAMK2B,-0.03526249379350342
STYXL2,-0.03531106819896585
DHX30,-0.035331460112802374
LINC00616,-0.03534975649237021
SOX2,-0.03580087096173267
PCNX1,-0.03581204946788706
ISM1,-0.035902247723892305
A2ML1,-0.03598698739369857
GDPD1,-0.03599293388397178
TIMP4,-0.03621587913576508
CLIC3,-0.03622663559063623
EMC2,-0.03633914433377198
KBTBD12,-0.03634190549959849
NR2F1-AS1,-0.03635164246981972
BICD1,-0.03642450656108528
NAV2,-0.03645597745341091
NIPSNAP3B,-0.0365030557576858
LINC02223,-0.03660842513074091
PRODH,-0.03668993405833267
PDZK1IP1,-0.036711594778357025
ZMYND12,-0.03679028552915071
ANKRD1,-0.03682826886270367
NFX1,-0.03705586578459118
SPARC,-0.03710551597922959
DENR,-0.037563049836720555
TCHH,-0.037629319148088695
HOXA7,-0.037686483072345026
MICALL2,-0.037821884824641605
PLK4,-0.03796661262081348
ST6GAL2,-0.03812673997626399
TRPM3,-0.038143076004045116
CHD1L,-0.038229417049931186
ITGB2-AS1,-0.03825102958763599
NR5A2,-0.03857931018860122
PDE7B,-0.038725747286866744
FAM124A,-0.03872790115713628
FZD2,-0.03881840539625519
ERP44,-0.03915719112678642
DUOX2,-0.03918952568399238
ZFP36L1,-0.039253119997463864
KSR2,-0.03936527515472316
NAV3,-0.03954809579065212
SYNE2,-0.039611312198950976
IGDCC4,-0.04000356251382055
ADPRHL1,-0.04014244097158206
CALML3,-0.04035451835748418
SNX16,-0.04041591871154966
IREB2,-0.040513047889643106
CYP4F3,-0.040697929478690366
JCAD,-0.04093880185103195
C3orf85,-0.040998459157489626
KLHL18,-0.04103630655727068
CFAP300,-0.04109183372197704
NR2F1,-0.04130131563746025
COCH,-0.04133435297370202
FAXC,-0.04138886437562813
USP31,-0.0414742878137293
SHANK2,-0.041561754341520894
ASTN2,-0.04159289438048999
BAALC-AS1,-0.041603649246986354
TCF4,-0.04162535364605118
IL1RAPL1,-0.041664185899990144
ELK4,-0.04167072347678643
ELOVL4,-0.04172608452625255
FAM126A,-0.04179496895482574
SOX1,-0.04190730730601506
UBE2D3,-0.041983588566838766
TBC1D1,-0.04221370779338965
ERN1,-0.04227025370439288
LINC00622,-0.042464056089284406
RAC3,-0.04278130494243328
PLOD2,-0.04295804290879143
SDAD1,-0.04309326669393589
CHST6,-0.04311281098978082
CCL28,-0.04336287000947402
CLCA4,-0.04337824581163355
RPL23,-0.04347190586748034
B4GALNT3,-0.04371441142344986
TUBAL3,-0.04378683724451742
IGFL2,-0.043847104298207006
MIR141,-0.04387292622179099
TINCR,-0.04388575577229476
GCNA,-0.04442779505327103
COL1A1,-0.04443326063972882
ODAM,-0.04452006539325494
NXPE3,-0.04457735946639378
SLC17A9,-0.04465381546407388
CNTLN,-0.044710061438088484
C20orf194,-0.044737893880553554
IRAG2,-0.04483956792875774
DENND2C,-0.04486948816094243
MYO3B,-0.04489700082402664
ST6GALNAC3,-0.04492644237719796
LARP7,-0.044934246800697145
LINC02615,-0.04498810769825408
HCAR1,-0.04511543826337371
MCTP1,-0.04517337968360947
SNAI2,-0.045347541954978324
WNK1,-0.045507946082187854
BTN3A3,-0.045539248053997096
FUT6,-0.045545608247163305
GPR143,-0.04573441211758848
PADI2,-0.04581070862372997
STAM-AS1,-0.046041138499965203
ETS1,-0.046094605870534315
CORO2A,-0.046214463052293195
ALPG,-0.046377551129675156
KLHL24,-0.046537486607156245
ZNF846,-0.0466619878148133
BCL6,-0.04678175611015126
ZG16B,-0.046786426712174485
ANTXR1,-0.04680511953344088
SUGCT,-0.04687842544782876
PTPRR,-0.04707842860405336
SKIL,-0.04713294121171003
PLA1A,-0.04732532386872985
PDCD5,-0.047364613679163836
MRPS33,-0.04743654802967833
ALDH1L2,-0.047445936629404634
ADAM19,-0.047481236625371355
SORBS1,-0.04762572861792796
GABPB1-IT1,-0.047746728721907473
CBX3P2,-0.04785903430326233
MAP1B,-0.04821814384651156
SLC25A21-AS1,-0.04827009507139012
H3C4,-0.048319348544389226
FUT11,-0.048655789690282066
DBF4B,-0.04872617881307426
DAB2,-0.04874888536164172
ODF2L,-0.04886014616140154
FAM76A,-0.048955684477636395
PSMB8-AS1,-0.04930513727744209
AVIL,-0.04937387855458086
FAM20C,-0.049462482387370055
STRIT1,-0.049474735857294304
CACNA2D4,-0.04967189838268655
IFIT1,-0.04988416678312273
FAM110B,-0.04996310231477835
SPATA17,-0.050155868333483344
ABCG1,-0.050165245755512046
GBP2,-0.05037799191051087
RASSF8,-0.050546395488967596
NCAM1,-0.050608231996323916
HDGFL3,-0.05077561716795651
CFLAR,-0.050811833435957854
REN,-0.05085478028144354
ITGB1BP1,-0.050894571551653535
DYNC2H1,-0.05100611220261715
SMC4,-0.051052364215239024
CCKBR,-0.05136697150918715
TTC28,-0.051580515412493304
IFIH1,-0.051608373481258664
DDX60,-0.05171067502346113
SHROOM2,-0.051715255938339526
TTC37,-0.051781604651856786
HBE1,-0.051971531198387363
SMIM31,-0.052112223921266534
SLC5A1,-0.05214919395949144
CLIP4,-0.05228282232728689
GGA1,-0.05239003831766717
COL21A1,-0.052497261685360536
C3orf70,-0.0525517269824863
EMX2OS,-0.05256583897561173
PPM1L,-0.05276458623233924
APOBEC1,-0.05286455395995188
HEG1,-0.05304430115700664
LUC7L3,-0.053115449237214236
GLIS3-AS1,-0.053283616530405684
BFSP1,-0.05332593696741615
LMO2,-0.05333232650489478
TCP11L1,-0.05348661593590707
IDS,-0.05363478723247723
HERC5,-0.05371224539808713
TADA2A,-0.054076477681523016
FMOD,-0.054130397213771615
PDLIM4,-0.05413178094742126
EDAR,-0.05416064779429976
OFD1,-0.05422018185189256
DKK3,-0.05428676081406523
INHBE,-0.05429341588528747
ERICH5,-0.054440937519622395
WDFY3-AS2,-0.054643959889805374
SLC2A1,-0.05476443670595067
RBX1P2,-0.05560451915926399
DSE,-0.056125531594433085
NR3C1,-0.05616049920537979
TMEM213,-0.05632109969231774
LINC01770,-0.056396439102384954
SLC4A11,-0.056441809152690585
GRB10,-0.05648854707981892
FGFR2,-0.056490642364863425
KIF26B,-0.05682400763329679
PCDH19,-0.05706056781151862
SLC6A12,-0.057126811248510434
LINC00339,-0.05717830678471771
KLK6,-0.05720588958213475
ITGB8,-0.057581581961797676
PKN1,-0.057748390758104624
WWC2,-0.05787650551375642
TM4SF18,-0.05790495624250987
ELAVL2,-0.05792921841613071
HSPB8,-0.05793188220191712
TFF3,-0.05830048613958426
SMAD9,-0.05866453012437055
RNU2-52P,-0.05866965254288234
MAK,-0.05912800603694507
RSAD2,-0.05949499201302344
TOMM20,-0.05959273652202376
ARAF,-0.05976207949061532
NFKBIZ,-0.060430950120214856
MAGEA1,-0.06067750938392157
PRF1,-0.06071006948230902
APOL3,-0.06083434712113653
HPS3,-0.06122866564353012
COL13A1,-0.061453322197901394
CPA2,-0.06147618428709463
SHC4,-0.061657177490067536
ANKRD36B,-0.0619452203635961
EN2,-0.061952762040294644
ZNF662,-0.062011592836281514
HCP5,-0.06232079244975509
ASPH,-0.06250548515267401
HECTD2,-0.06256148480788501
JADE1,-0.06261495725782584
A2M,-0.06269222642071391
TENT5B,-0.06311048492783435
CD36,-0.06315686283112455
EFCAB2,-0.06318205786226712
CEACAM8,-0.06341369100263672
ATP8A1,-0.06357878363615167
ZIC5,-0.06361392726810601
TRPS1,-0.06372710683390581
CYBRD1,-0.06385797806814252
PCK1,-0.06388300755561561
ANTXR2,-0.0638968437600647
CRIM1-DT,-0.06399416387259475
PDE5A,-0.06401503734440875
NXPE4,-0.06407054134071612
SLC6A4,-0.06419311937216704
M1AP,-0.06424274282945648
AADAC,-0.06432510940202203
PRSS21,-0.06438637986374603
GJB6,-0.06447849168774483
VSNL1,-0.06459947166668531
AGO2,-0.06482194701969049
BANK1,-0.06484138964743007
ANK1,-0.06484419935986824
POLG-DT,-0.064930128657997
ABHD4,-0.0649399410017047
TFAP2A-AS1,-0.06502993716433726
PRSS1,-0.06507661062961237
NTS,-0.06518586814695311
KCNB2,-0.06520948693038656
FOXI1,-0.06527945474605591
FRZB,-0.06537585579565278
DDX17,-0.06566110449666894
TTC14,-0.06602747716159874
LINC02864,-0.06611379337145501
SLCO4C1,-0.06620740969963075
RIPOR2,-0.0662339773907713
CYP2C18,-0.06626872758038775
GPRC5A,-0.06692499289330243
MSRB3,-0.06693569790294877
NKX1-2,-0.0672622964739222
GATA4,-0.06731155802590426
UPK1A,-0.06749808176730188
MMP28,-0.06756396037067872
TM4SF4,-0.06782800134154433
ZDHHC11,-0.06817280664388346
HEPACAM2,-0.0682585646389334
AMMECR1,-0.06850211123645136
CSAD,-0.06877201384106317
SLC2A3,-0.06907884770909424
NABP1,-0.06909169048033137
CCDC181,-0.06909862887446379
ADCY7,-0.0694659183001962
USP7-AS1,-0.06986924717775077
HS3ST4,-0.06986947521430655
ARHGAP6,-0.07013305663303074
FGL2,-0.07017184944484404
SLC20A1,-0.0707059203897926
IRX3,-0.07075211924151821
RASAL2,-0.07092569885755848
LCA5,-0.07117830793198543
KRAS,-0.07163812550778897
MAGEA4,-0.07175724490322545
ANKRD65,-0.07206952324285051
SDCBP2-AS1,-0.07220850007544417
LINC00525,-0.07222527060621947
DIRAS3,-0.07262374739064814
CNBD2,-0.07320320491069657
U2,-0.07323679121554039
L1CAM,-0.07323823148635177
SNHG26,-0.07335041506402656
BMP2,-0.07369139624615342
CAPN3,-0.07389771819506344
ALPP,-0.07390508398933678
AADAT,-0.07395755213974321
LINC00926,-0.07431114835260359
SCAF4,-0.07434249776924466
LPAR3,-0.0746568772774661
MAN1C1,-0.07474851022794463
MSMB,-0.07481505014134165
DDX58,-0.07527916841284234
ICA1L,-0.07529447970962211
ADAM22,-0.07535934792978809
COL5A2,-0.07543601304670051
PRSS35,-0.07566832737729723
NEFL,-0.0757750194010707
JHY,-0.07581250965013517
PRKAR1B,-0.0764732813190106
ZBED3-AS1,-0.0765138828359016
MPP7,-0.07685243453594322
FGFR1OP2,-0.07697341629449116
PCAT6,-0.07713746041833493
IFT57,-0.07715870915780389
LINC00630,-0.0772632093305831
ADGRF4,-0.07729688244547425
NSD1,-0.07733577872255741
LAMA1,-0.0776039204440601
TFAP2C,-0.07772724564515651
NRP2,-0.07815052443738035
SEMA5A,-0.07821400028529249
POLR3G,-0.07845204419090432
EDN3,-0.0785358546726204
TRERF1,-0.07883081914565747
FARSB,-0.07888515518039438
TTC5,-0.07892909799850624
WNT4,-0.0789605431337606
ARPC3,-0.07903870681912073
C9orf72,-0.07904521855796186
ARHGAP27,-0.07913869753398757
ANKRD6,-0.0792738528684264
DHRS9,-0.0797690856299601
SMIM10L2A,-0.07999015067663144
SCD5,-0.08010338839711205
HBA1,-0.08021343683110194
NKX3-1,-0.08040788273198987
KIN,-0.08044647650827678
ANO6,-0.08045256762830041
ASB9,-0.08049230654673624
FANCA,-0.0810497708813175
FAM184B,-0.08114628377406338
KRT4,-0.08117064232549794
SOSTDC1,-0.08172869852938423
ARHGAP26,-0.0820717018061924
AXL,-0.08217262449704592
FUT3,-0.08228371252914894
ESCO2,-0.08262290497252904
FGF9,-0.08265182386799634
CTXND1,-0.08266398423322706
C15orf56,-0.08283881812425875
EIF1,-0.0829354442831863
DIMT1,-0.08313786119179727
ANOS1,-0.08314230310668545
UTS2,-0.08323234175728608
F2R,-0.08332252497660099
CHM,-0.08340938175720249
WNT6,-0.08343878745013528
KLRC1,-0.08357501063268777
EDRF1,-0.08363126645256365
EDNRA,-0.08389610477703525
PRORSD1P,-0.0841228316259045
CREB5,-0.08428737514832868
CLCN4,-0.08431137965150186
CLDN10,-0.08442522738151434
ZFAND2A-DT,-0.08446863982005667
AQP3,-0.08451586569989569
ADA2,-0.0848215066248421
SRD5A3,-0.08486924462973218
RIMKLB,-0.08492628386155092
KLF7,-0.08493336203343929
GNAS,-0.08496618871379139
IFT74,-0.08498551365838813
SNAP23,-0.08508471871280707
KRT6A,-0.08509043013414602
LINC00513,-0.08528162772731637
KRT5,-0.08532126132122954
HOXC4,-0.08550349583734008
TLE4,-0.08553382067537431
TAC1,-0.08558286197345032
PDE4D,-0.08603374326938648
TMEM132D-AS1,-0.08617013875056602
RHBDL1,-0.08620803742503692
TNNC1,-0.08622107954920324
PCSK7,-0.08628027059455372
PHF14,-0.08630799359624323
HOXC6,-0.0866219993840313
ST13,-0.0867843916939156
ARSB,-0.08678594923780425
CSN2,-0.0872538349515843
SACS,-0.08749408527145403
PLAC1,-0.08766771064706091
MYO10,-0.08770281793395447
GLIS2,-0.08786675154245631
TPH1,-0.08806412559867122
CKB,-0.08829637731091766
NDUFV2-AS1,-0.08836489544946816
OSBPL6,-0.08837650024956221
LINC00920,-0.0885262042792872
MTARC2,-0.0887372764411421
RSKR,-0.0896653539146785
HOMER3,-0.08989537922774322
TTBK2,-0.08993485253136899
FABP2,-0.09008561493219157
ZBTB47,-0.09012979945152956
TPM2,-0.09017991846642853
PRKAA2,-0.09041035133219816
KCNMA1,-0.09056941717628063
ZNF852,-0.0906828280672054
KIF5C,-0.09125950243612277
TXNL1,-0.09131176253050816
KLF4,-0.09245540533771464
LINC01270,-0.09248008193787957
CDKN2B,-0.09294994154067178
PER3,-0.09302455753488645
STRIP2,-0.09338954623895278
CSAG3,-0.09348277650851503
NDP,-0.09381874782998896
XPO7,-0.09403264860702557
GALNTL5,-0.09406044460307703
PLA2G4A,-0.0941157917866692
LINC00342,-0.09496054094484403
ACKR3,-0.0949631205634284
SLC6A13,-0.09575073747255948
FHL1,-0.09578772231949818
WDR19,-0.09595321010877339
FSTL1,-0.09601811470151637
LOXL1,-0.09636942452847025
PLAT,-0.09691642392051883
TMPRSS3,-0.09711646201947108
MTMR11,-0.09730658077105131
HS6ST2,-0.09737910590002655
EMB,-0.09751565782040311
SERAC1,-0.09762425587995693
KRTAP3-3,-0.09771721360929439
LUM,-0.09813903772086702
FRRS1L,-0.09815116053956034
COLCA1,-0.09855725430169726
SMIM10,-0.09985929795105797
RCOR3,-0.10003252776847657
CSN3,-0.10019580636907369
ADAMTS15,-0.10046221316886313
KRT31,-0.10056807807217678
INPP4B,-0.10097560522183781
PIK3C3,-0.10111092612999135
C5orf63,-0.10158872635224958
HLA-DQB1,-0.10184777231876391
BTNL8,-0.10198253519221746
MEX3B,-0.10219520495626346
ADGRF1,-0.10241118577754653
PPP1R9A,-0.10248942508087236
CCN6,-0.10258370051848731
GPR161,-0.1025916894419516
PTPN20,-0.10265304101817428
SOAT1,-0.10270138570738038
C17orf67,-0.10359962164104637
TRIM71,-0.10361070081640059
CFAP44,-0.10381079737564869
TCTN3,-0.10381942357863598
IFIT3,-0.10405112914513873
MYT1,-0.10409667075507827
PRAC1,-0.10484794665966704
S100Z,-0.10487815837427085
SH3GL2,-0.10546931455966635
ITPR1,-0.10556203416357123
STARD13,-0.10604874175225698
ATXN2L,-0.10620490138637835
DHRS2,-0.10635290999632056
PAPLN,-0.10683696195713355
ARMCX1,-0.1069470899351919
LIX1L,-0.10696138154782807
PDE3A,-0.1072710964637953
XIST,-0.10732720920449924
LINC00894,-0.10753474255152702
TRPA1,-0.10759933395038787
MYRFL,-0.10786237995123163
RGCC,-0.10805294753672458
VASH2,-0.10806525079200666
PDZK1,-0.1083260568443562
ATP5F1E,-0.10858837401344974
ADAM7,-0.10874611969325851
RGPD5,-0.10876066090329504
DENND6B,-0.10877156208995704
ST20,-0.10886291190044167
CFAP91,-0.10923877653993974
SLA2,-0.10926263950311481
ASB4,-0.10935725416197412
VGLL3,-0.10936826717286342
CALCA,-0.1102352827048239
SLCO3A1,-0.11048158862336191
FBXO32,-0.1105069315184032
RPL18A,-0.11054750425827158
IQCG,-0.11068460290094938
LINC01558,-0.11104719068793535
GNAL,-0.11196126208425689
IL33,-0.1120233773974468
EFNA5,-0.1125080975449114
CX3CL1,-0.11270836664249365
C4BPB,-0.11273515439823747
KRT34,-0.1129517225446331
GPM6B,-0.11309166535989444
CKMT2-AS1,-0.11376102974201689
SLC16A1-AS1,-0.11414554653921147
CHI3L1,-0.11484100318294432
TMEM131L,-0.114959634880314
MROH8,-0.11526999022264388
LYRM9,-0.11550371184699906
MAGEA3,-0.11552418986134946
LINC00460,-0.11583356222741291
TMEM67,-0.11609755976473425
DMRTA2,-0.1165895141078056
NUPR1,-0.11668356211846205
MAGEA12,-0.1169885227856853
RBM33,-0.11726734469838203
PPM1K,-0.11740356366848907
GAU1,-0.11774527574948125
ARRDC3,-0.11782494773325779
OTUB2,-0.11790492479896528
NREP,-0.11803027646774847
SPTBN1,-0.11804378399831016
KLK8,-0.11827011760272328
TMC5,-0.11883271354305143
SUSD3,-0.1188353376848031
C15orf48,-0.11897256123278666
ST6GALNAC2,-0.11899443555803689
CLIC5,-0.11913456340231879
LAMA2,-0.11932889137678065
SOX30,-0.11965734740387013
HERC2P7,-0.120110613699877
MAGEA2,-0.12030585203861284
HHLA3,-0.1203510619754309
MROCKI,-0.12076395878091031
HLA-DPA1,-0.12081681657757948
KATNAL1,-0.12089255457456784
DYNLRB2,-0.12112222654325014
EGFLAM-AS2,-0.12116203123605697
CCDC88A,-0.12124873228661646
SLC30A5,-0.12134735372141892
CNOT7,-0.12136081698681062
UBE2QL1,-0.12171744474773116
TTC7B,-0.12180243344048433
JAK3,-0.12187800683380859
HPGD,-0.12189044651318767
DST,-0.12190091936079993
SYNGR1,-0.12210471265225592
SMARCA1,-0.12231342216415561
UGT2B11,-0.12292000524800184
TNFSF15,-0.12326747447770937
MRPS11,-0.12347661768646358
ENTPD1,-0.12356660005351157
ADSS1,-0.12375431323124458
SYT9,-0.12390838024304439
AGR3,-0.12407067219892105
VPS13C,-0.12427798674243515
KIAA1549L,-0.12466013283480362
CCL2,-0.12473331685536267
AMELX,-0.12534092217505258
LGALS1,-0.12536248375709114
LMO4,-0.12553920544775615
RAPGEF2,-0.1256668719490668
KRTAP2-3,-0.1263781095894509
CA8,-0.12646998357344183
ZFP2,-0.12656111251751506
MRLN,-0.1266501904156421
ARNT2,-0.1267566155523866
ICA1,-0.12679179010129005
B3GNT6,-0.12693748574702354
MGC32805,-0.12765555758371308
CREG2,-0.12767892250778864
PRSS2,-0.12832537083770487
TSPAN7,-0.12833294590055414
MAGEA10-MAGEA5,-0.12833844118258933
ST7-AS1,-0.12862590549031777
BCAT1,-0.12864265047816717
HNF4G,-0.12895021329171183
PSTPIP2,-0.1291128988542365
IGFBP6,-0.12921853426263846
ELP2,-0.12954491146999267
ITLN1,-0.12991049029251364
SLC35D3,-0.1313726776194696
DSCR8,-0.13141499006867507
SOBP,-0.13154175458669648
BASP1,-0.13156636125980783
CCDC68,-0.13180584030603842
PRB4,-0.13183318124018764
LINC02582,-0.13266627357187222
CACNG4,-0.13292790345229974
CDH11,-0.13316849871846018
LARP6,-0.13342753679915223
SLC4A7,-0.13348202398069797
DSG4,-0.13362662329985767
MAPK12,-0.13380648438319728
ZFYVE16,-0.13388857150766642
CA1,-0.13452602390098184
KCTD12,-0.13495244790831568
CCDC106,-0.13500175789821628
TSIX,-0.1352314638158259
WIPF3,-0.13592051519926832
CDKL2,-0.13596917796298072
NFAT5,-0.13643542521159313
RAB3B,-0.13661357428825102
MIR1915HG,-0.13685119513276536
ARIH1,-0.13730754067921114
PMEPA1,-0.1375172243008073
MILR1,-0.13755138235083722
CRACD,-0.1375876338294653
LGALS2,-0.13810303083498737
TRPM8,-0.13860955271779313
RPS20,-0.13900167731336674
LINC00261,-0.13947836452000525
BHLHE41,-0.14057616131599854
RNF213,-0.14063482966022267
MPHOSPH6,-0.1414791896398041
ANO1,-0.14158827314388453
ICAM2,-0.14173332661881963
ARHGAP10,-0.1423230366121155
EED,-0.14253507751677127
SH3BP4,-0.14273571991955586
LINC02889,-0.14320479799856087
GBP1,-0.14331071635208198
FUT8-AS1,-0.14346315835646767
OBSCN,-0.14385843906269774
MYL9,-0.1441612475802564
IFIT2,-0.14466705886636125
SGCE,-0.1447083708666533
ISG20,-0.14472800228902077
VAC14-AS1,-0.14504413116682324
NF1,-0.14508556401076836
NT5DC4,-0.14541944415429336
MSN,-0.14611706418358222
GRK3,-0.14614812386314768
MIPOL1,-0.14630317505907867
SGPP2,-0.1464481469125155
DSC3,-0.14652681082279617
MAP2,-0.14653295764521576
GASK1B,-0.14675601410477018
MFSD14C,-0.14706132941155894
SLC16A7,-0.14876469987025775
CALY,-0.14944128961767764
TNN,-0.1494873693751239
BCO1,-0.14963857195147556
CTHRC1,-0.15000431713695803
IGFBP1,-0.15013757065763544
FGD6,-0.15020982642900937
PON1,-0.15047548986146086
IL6R,-0.15056850534336355
STAU2,-0.15067800535090525
CASK,-0.15075463650912635
ARHGAP21,-0.1507726230218653
UBE2E2,-0.15100327059215038
ZBTB10,-0.15140957072178796
CASC2,-0.1517033139529696
RAB30,-0.151863530823528
SLC39A14,-0.15222767298046666
RAB27B,-0.1522366347458546
HCK,-0.15240987854697727
ZNF618,-0.15249175376293678
NANOS1,-0.15295172363823667
ADGRG7,-0.15303813299938612
HTRA1,-0.1532777388299729
ANPEP,-0.15328633720911786
NOCT,-0.15330212931076242
STK3,-0.15454949532715026
CDKN1C,-0.15473675146959703
TUB,-0.1552867083527879
CR2,-0.1554261502912819
PACRGL,-0.15604978827007232
NPIPB15,-0.1561098403517985
MYO5A,-0.15627204632384237
C9orf57,-0.15672922093406608
THEMIS2,-0.15677247605660657
FCGBP,-0.1569435328146838
DCUN1D5,-0.15725656795930043
FAM90A1,-0.15752217154782233
CHML,-0.15755249768217414
PRKG1,-0.1579021228157932
LRRC6,-0.1580710239396791
FAM86B3P,-0.15896664278312214
UPK3A,-0.159505218364655
ATP6V0A2,-0.1596041254721627
ZNF114,-0.15962018658862823
PDE4B,-0.15964864359347106
TUBB6,-0.1609379302122307
TCIM,-0.161280168943375
RASEF,-0.1612826059210249
TBL3,-0.1615716683814065
ABCG5,-0.16194159497812033
OASL,-0.1638085935591463
NDN,-0.16481542672664345
JAK2,-0.1651818731762704
NAIP,-0.1655861197175655
C7,-0.16584687324027
THRB,-0.16689688938224165
NLRC5,-0.16832421293910033
CUL3,-0.16856214259364258
PTK2,-0.1692218033036432
LINC01644,-0.16961189149025915
LRRC8C,-0.1696498347471646
SOX6,-0.16966045804943958
ROBO1,-0.17046533788882018
DLL3,-0.17073614275669022
DDX60L,-0.17130695916607372
TRIM36,-0.17149465799323296
APOD,-0.17254185467500877
GPR37,-0.1728393979397505
CPM,-0.17340028624196943
PABPC1,-0.17362006852092818
RPS4Y1,-0.17364199375092726
YTHDC1,-0.17368522582716134
ARSJ,-0.1741186190490625
FOS,-0.175793269724131
MAGEA9,-0.1762564021611836
FBXO16,-0.1765573698758578
ADAM32,-0.17657491158656255
CCT6B,-0.17713687831774258
PRAME,-0.1771917257331135
INTS6L,-0.1772488207713325
C6orf141,-0.1778060758727925
THBS1,-0.17863224666183528
MIR449A,-0.1786385402532845
CHN1,-0.17878622812463227
GPRC5B,-0.17897162437227815
CLDN18,-0.1792949097342124
SLC5A3,-0.17998131448584215
LTB,-0.18101317675027812
RHCE,-0.18163251927183313
MAOB,-0.18171777238700476
SULT1C2,-0.18232572282913415
SNX2,-0.18301650350374485
DLC1,-0.18470858002699475
ABCC2,-0.18487236544485078
PTGER4,-0.1852298702299107
SCG5,-0.18564527593604738
ATP6V0A4,-0.18603443804519804
HS2ST1,-0.18698396528655623
PRKAR1A,-0.18712221365301218
CD200,-0.18746251463057825
STEAP2,-0.18813598149222416
CEP83,-0.1890250361496942
HTR1D,-0.18918330132713834
TOX,-0.19219384198653716
ENY2,-0.19301923924449227
CAMTA1,-0.19469795944139182
CXCL6,-0.19472919951093648
COL27A1,-0.19492369230733156
HMOX1,-0.19517135946223257
EPHX3,-0.19569750970959018
NF2,-0.19684472247389975
IL17RD,-0.19756078977631505
CTSE,-0.19790940524052564
SYTL1,-0.1979569105382441
CELF2,-0.1986230229519525
TMEM64,-0.1988328685963227
OLA1,-0.19903277727741644
EFNA2,-0.199142480358623
HERC6,-0.19977744315828624
CCL15,-0.1998579183408284
NR2C1,-0.19999029335893848
B3GALT5,-0.20006449671982623
PTGER2,-0.2003252946251315
ABCG2,-0.20242941368731213
CCN1,-0.20344631275519218
C5orf46,-0.20447335969098399
LAMA4,-0.2045471096821754
RHOBTB1,-0.20456970387834067
GSTA1,-0.20463468185434647
KCNN2,-0.20469952648947573
PDGFA,-0.20474232870653752
MUC17,-0.20580134898148078
ZNF300,-0.2063247420727675
TUBA1A,-0.20653732463274063
KLK7,-0.20668669370389778
SLC6A14,-0.20685134469495325
EPC1,-0.2071797160083609
DCBLD2,-0.20758432750189307
KBTBD11,-0.20955126052599257
CDC42EP5,-0.2096071939511665
RETREG1,-0.20979059316991588
SERTAD4,-0.21009778582269054
MKX,-0.21055232304167149
SSBP2,-0.21124474158646406
S100A2,-0.21130451681258403
NUAK1,-0.2120892125503777
SDCCAG8,-0.21267537721291205
TBL1X,-0.21311045732291545
MET,-0.2139317198512071
DPYSL3,-0.21410950920303776
ADIRF,-0.21411780961849572
CCL5,-0.2141643703322214
TRIM58,-0.2161092956297095
PRR5L,-0.21654548430460016
RPRML,-0.21778072940136817
ARL14,-0.21873582213143872
SLC38A11,-0.22044880122508712
FCRLB,-0.22046437428982738
FAM13A,-0.2213455531360903
SLC18A1,-0.22196419907614154
U2AF1,-0.22235541509473397
FUS,-0.22293131765463173
PLLP,-0.22300092980681802
CITED2,-0.22528660060865519
LINC00910,-0.2257580904199729
SLC16A4,-0.22641501128321237
SYT13,-0.2265065808077166
SAMD3,-0.22704131418228374
CHIC1,-0.22717235352937676
CHST5,-0.22732126550531018
EGR3,-0.22808325578590558
RAB2A,-0.22911089583096925
SOD3,-0.2296026043655438
PHACTR3,-0.22968213430110934
C15orf65,-0.23027304137643897
SLC9A7,-0.23063633279919463
CAPN8,-0.23235103752893288
GAREM1,-0.23292248084629458
CEP120,-0.2329885402226542
DLGAP1-AS2,-0.23354495005100764
DCP2,-0.23389635894949912
TTC23,-0.23455538086798342
FRMD3,-0.2371080975100638
CEACAM6,-0.23787644501333763
LINC01419,-0.2381276923091291
TBILA,-0.23991237405396096
MEIS1,-0.24022775956825584
GPX8,-0.24086926593943955
LSP1P4,-0.24119228819812014
RASGEF1B,-0.2412267271742167
CD59,-0.2412780297593125
MIR4458HG,-0.24257847648149022
CXCR4,-0.2428718722380412
PDLIM5,-0.24375474067747055
ADRB1,-0.24393925297464372
LTBP4,-0.24401025937488965
FOXF1,-0.24481676361456442
SPINK4,-0.24576532366829887
PRDM13,-0.24680019353991867
GALC,-0.24735198083570495
STRAP,-0.2492362262183576
DBN1,-0.24935886564853776
MDFIC,-0.25081939891627336
KLRK1-AS1,-0.2517205444075991
CA2,-0.2518011181043352
CXCL14,-0.25232727863482546
ECHDC3,-0.25286937248706015
CEACAM5,-0.25315498750530563
UBASH3B,-0.25337821013182243
HSD17B12,-0.25361082378454064
DSG3,-0.25416397387110895
CCL20,-0.2546270123342033
PGAP4,-0.2546959374718496
MIR221,-0.2553429325225573
C9orf116,-0.25542679493259574
GIHCG,-0.2560251860733337
FBXW7,-0.25611717590025346
ADGRE2,-0.2571038961213854
PLK2,-0.2571272145604701
TNFRSF9,-0.25831435784978307
CEP85L,-0.25866339358790175
FOXA1,-0.2589801649651777
GABPB1-AS1,-0.25918360854693895
C11orf96,-0.2598008516313552
ST3GAL4,-0.2603240934117899
LPAR6,-0.2633448885299229
TACSTD2,-0.26389268373963726
ELAVL1,-0.2640430105784943
LYPLAL1,-0.2645633253038642
SYNGR3,-0.2649289695047681
CYP2U1,-0.26552627576741594
CSRP2,-0.2658742402928805
REG4,-0.2661551455002303
MPL,-0.2671073737112627
TFF2,-0.26730670790906874
KRT12,-0.2674522241619095
LANCL3,-0.2677353889829272
AFF4,-0.26809908692966394
EPHA1-AS1,-0.2690815954223311
RRAGD,-0.2699724820622603
IMPACT,-0.27040563431053843
IRS1,-0.2712546255610863
CAVIN1,-0.27168482509595065
LCN2,-0.27176077566554024
NEAT1,-0.27267146832179623
EMP1,-0.27272755718373043
STOX1,-0.2727922008294951
RASGRP3,-0.273501688866116
ERAP1,-0.2743090552957399
ZIC2,-0.2747847837142146
SPTSSB,-0.2751259786178976
MYL12A,-0.2752659601142357
MYOF,-0.2761612415257767
GSEC,-0.2768317339323884
ORM1,-0.27702881873433677
MCAM,-0.27765967046736206
GPRIN3,-0.2779033210528632
ALOX5,-0.2781420279313945
DOCK4,-0.2781756568098218
SLC22A4,-0.2798799368767949
RBP4,-0.279885758475112
GPR65,-0.2800901088174947
MUC1,-0.28023122418425583
DSC2,-0.28076698982438425
SCEL,-0.2808193825804949
GAS6-AS1,-0.28083336882770854
PPP2R1B,-0.28246325128360444
ACE2,-0.2836898057390549
MFSD4A,-0.2840456757193286
TGM2,-0.28449779920276735
TNC,-0.28516862711362373
CD109,-0.2863566527955929
MXRA5,-0.28638575524698995
PITPNC1,-0.2870929370462369
MCTP2,-0.28733984208163665
THAP7-AS1,-0.2887044564595893
NR4A2,-0.28950817146571406
DRAM1,-0.2896612318249329
HYAL1,-0.2903432112502904
EIF5A2,-0.2907660297634552
MAP4K4,-0.2920186860834475
CXCL10,-0.2932267397222006
RHOQ,-0.2934780507167603
PLAAT2,-0.2938330217951403
TIMP3,-0.29450036236549854
MUC4,-0.2966945794932979
KHDRBS3,-0.29753125129623287
EMP3,-0.29840155800151885
PRKAG2-AS1,-0.29846494041025634
ELFN2,-0.29937770629416255
RPL30,-0.3005891104833359
CAP2,-0.30065950626722726
LIPH,-0.3009154969023564
BRAF,-0.30102467772651464
PALLD,-0.30223746767445664
RBP7,-0.3028259250384278
PLA2G2A,-0.3035087955610492
SAA1,-0.3036812619501801
FBXO2,-0.3040355168403617
HOXB2,-0.30631427133390005
APBB1IP,-0.3065389297216767
TEX9,-0.30683093013671714
DGKE,-0.3072482871331209
RRAD,-0.3104280292775761
SYTL5,-0.31057673692973786
STEAP4,-0.3111260287490486
STOM,-0.3113961718154975
ARHGEF10,-0.31347175801220767
UQCRB,-0.31449277649442864
CCPG1,-0.3182073293082535
DNAJA4,-0.31886024513560574
KIRREL1,-0.322040433522082
ICE2,-0.3220526229251827
DYDC2,-0.32260271631248083
TRPC1,-0.3226859150627241
USP13,-0.32385774236969594
DPP4,-0.3245429544458807
KLHL13,-0.32561502098309336
RAI2,-0.32730160983491785
SLC6A20,-0.32735199099844337
DENND5B,-0.3283769432534305
PEG10,-0.32924418404362704
SDCBPP2,-0.33106485957084836
EFHC2,-0.3310835340856915
RPL39L,-0.3323987064098199
ARL4C,-0.33371428212473575
AHNAK2,-0.33849380641078275
ALDH7A1,-0.3388591593024533
SIX4,-0.3389349946682168
HPSE,-0.3406779678075748
NOX1,-0.34103893733906543
CAV2,-0.34162907374623686
MIR3142HG,-0.34410902594133147
FILIP1L,-0.3468130236722438
GRB14,-0.3477398109734269
PLAUR,-0.3501899539806715
FNIP1,-0.35114092864857327
TTN-AS1,-0.35314578894382265
LINC01184,-0.35340123313081595
KRT15,-0.3540105969662022
PCSK5,-0.35447200363990233
PLAAT5,-0.35757014938183374
HHLA2,-0.3610544580287066
PLD1,-0.3621086729359713
SECTM1,-0.36219020161131893
RAB6B,-0.3627152749828893
CCN3,-0.36317031039767705
KLF9,-0.3635646436192619
YTHDC2,-0.3645246006931025
CHRM3,-0.3652256073864922
ZBTB20,-0.36642065370257465
UBE2B,-0.3665000202566808
ARHGAP29,-0.36739778948401375
UCN,-0.36871456531168556
PYGB,-0.3706065511325339
ENOSF1,-0.37083758141484047
RAB11FIP3,-0.37249486048697034
CITED1,-0.3729888760194697
HOXA10-AS,-0.3742081691790836
IRX2,-0.37477601864315985
ASS1,-0.3763307003966495
ALDH1A3,-0.37784808158713745
KRT17,-0.38145355788786844
LINC00520,-0.3833489000730956
S100A6,-0.3833638704831506
RTN1,-0.3835219666859354
POPDC3,-0.3836723843961921
PNMA2,-0.38408036545448787
RBPMS,-0.3888451178333912
ITM2A,-0.3893237555336988
HOXA10,-0.3894922049755746
TM4SF20,-0.3904619384647941
BDP1,-0.3918679322141357
GART,-0.3923078546616458
TMEM87A,-0.39456219685416527
GALNT8,-0.39479598671779603
FGFR1,-0.39531811496683217
ANXA10,-0.39662592472344066
ZC2HC1A,-0.3969984368866801
MTUS1,-0.3979753655779027
SELENOP,-0.3983767852054827
TPBG,-0.39854597684128146
PPP4R1L,-0.400123028805181
MBD1,-0.40019071129313705
ATF3,-0.40085748487960415
CLDN23,-0.40170853149730534
EML1,-0.40290676903744027
DOCK1,-0.40540743068860235
GSTT2,-0.40556062756693106
CLCA1,-0.4076572026670265
CRABP1,-0.40787768798404156
FAM95C,-0.4081664873735575
SIDT1,-0.4089175986694352
DDX49,-0.4089580723983639
SGMS2,-0.4101941148513572
PLCL2,-0.41065109712046377
PCOLCE2,-0.41285020689625007
ITGA9,-0.4128718164763116
EXT1,-0.4136794994784392
GPR63,-0.4145730560233497
UNC93A,-0.4186733940040371
NFIB,-0.41923334400792817
NCF2,-0.41933966555824176
CAV1,-0.42018036299836725
ETNK1,-0.4221021886400112
CAVIN3,-0.42328866863582587
ANXA1,-0.42352470318705787
SYTL2,-0.4236712515447258
SLC16A14,-0.42476559932738434
IGFL1,-0.42749643536592563
C17orf77,-0.4275395811599692
DKK1,-0.4289372715451424
MINCR,-0.43047944126192844
APC,-0.4308018042557633
SERPINF1,-0.4322517589519763
TNFRSF6B,-0.43289406907115013
MMD,-0.43356928945691353
PPBP,-0.43422957111991245
ST3GAL1,-0.43638870224188975
TAGLN,-0.43814990971238726
ZC3H12C,-0.4396301239824281
TNPO1,-0.44319968999064163
GAPLINC,-0.44843331074113
SULF2,-0.44860989997431944
GABBR1,-0.44875197062777206
UCP2,-0.4508229271215417
USP53,-0.4540511489949762
IGFBP2,-0.45754260350761006
HMGN2P46,-0.4580913307754176
GREM1,-0.45816046184427056
SPIRE1,-0.4615889423632727
DUSP5,-0.4622183633804657
KLK10,-0.46266740352519387
RASD1,-0.46307407543441587
DNAAF4,-0.46339473798960107
TFF1,-0.4709138545857333
IL18,-0.4726542858349565
ASPHD2,-0.47350080713623893
B3GNT7,-0.4745859215618858
LBP,-0.478167136983944
NHS,-0.48138040532683
MOB3B,-0.48193226051148236
DNAJC12,-0.48325484294605053
SFRP5,-0.4838335093345104
CNNM2,-0.4843869364245133
SLC9B2,-0.4843969145523623
GPAT3,-0.4844234555487698
MMP1,-0.4871171518398051
SPATA20,-0.48743588940645277
WDFY3,-0.4901172441985006
GALNT5,-0.49108317076967034
LBH,-0.4926644871057085
CCN2,-0.4950585321801708
B2M,-0.4992812485381396
HOXA11,-0.5019846286085592
KRTAP3-1,-0.5025702327942821
VNN1,-0.5030500544966886
CPE,-0.5035964778352419
IL15,-0.5073807051401525
LSAMP,-0.5081412248659337
ST7L,-0.509692415199067
NBDY,-0.5098257439736482
CALB2,-0.512675184740091
HOXB13,-0.515039430875196
MSLN,-0.5163973386788439
HDAC9,-0.5191408315394453
LMTK3,-0.5205655512796792
FJX1,-0.5206422809877368
THSD4,-0.5212175766342358
RBM24,-0.5234267871513517
PI3,-0.5237839119529119
LINC02535,-0.5258674588267682
MAP7D3,-0.5268490170222417
KRT80,-0.5284000246929462
ERAP2,-0.5310546728543951
PCCA,-0.5352010471906741
RAI14,-0.5352700882460728
GSDME,-0.5365112342121315
SEMA6A,-0.5447685871047753
GAN,-0.5490664314412455
EDN1,-0.5490829950072679
C2CD4A,-0.549802676888459
TCN1,-0.5503535979447706
AKAP12,-0.5512123863136017
KLHL5,-0.5557506462958558
EIF3H,-0.5624549422110902
CTSF,-0.5641081289897593
SYT16,-0.5669609003500349
HOXA11-AS,-0.5672082829821602
FAM201A,-0.5684744167534602
ART3,-0.5703092445085941
LINC01356,-0.570691284598892
TNFRSF11B,-0.571495849261434
SAMD4A,-0.572266467912149
TRIB2,-0.5742571210713814
FLRT3,-0.5791596834175101
IL1RN,-0.5796797525091539
RUNX3,-0.581033636239263
BTNL9,-0.5843565202193479
LTBP1,-0.5852066375244444
FFAR4,-0.587815411768433
GBP3,-0.5879875466730706
PLEKHG1,-0.5885964117883854
CNTNAP2,-0.5904839715147923
ALDOB,-0.5957932361147087
SOCS2,-0.5985446420840027
MUC2,-0.6059269962151957
PIK3AP1,-0.6088091984146164
ADGRG6,-0.6091449855803763
GPR155,-0.6109716261725276
NUTM2B-AS1,-0.6134310516309581
FAM131B,-0.6168652068029634
KRT6B,-0.6193114164989875
EREG,-0.6264868018314683
TIMP2,-0.6331871193769864
CDYL2,-0.6347994666768574
CXCL2,-0.6368729113611498
PELI2,-0.6427859368493348
P3H2,-0.6441528060389659
TMEM35A,-0.6444390767248613
SPON1,-0.6514009295915426
SERPINA1,-0.6517194239273076
CXCL11,-0.6555855224618907
PLAU,-0.6570994514863286
SAMD5,-0.6574277998319042
DUSP10,-0.6577520546412704
TRIM7,-0.6606565964314729
HOXA13,-0.6663567499411548
PLEKHS1,-0.6666707724239394
MARCHF3,-0.6676410576989824
TNFRSF11A,-0.6691903148202607
TMCC3,-0.6735514882937244
SLCO1B3,-0.6812333510658344
TMEM200A,-0.6871289855777516
SPATC1L,-0.6926633617158426
FRMD5,-0.6988246717107693
PAM,-0.7043019978652052
FBXL2,-0.706904072867191
BIRC3,-0.7213067937083626
CALB1,-0.7228483299858793
THBS2,-0.725800694683188
MMP7,-0.7300628394163877
CD55,-0.7300890384966463
GULP1,-0.732121527238733
PLAC8,-0.7348066493796712
FRAS1,-0.7421979295253026
MUC12,-0.7465004634704893
PLAAT4,-0.7588933201121025
PLAAT3,-0.7699402024072145
ERI1,-0.7991404278621852
TM4SF1,-0.8078919770819738
VMP1,-0.8222276958777506
RNF125,-0.8381832077031951
DUSP4,-0.8470742632232986
SRPX,-0.854267644871224
SLC6A8,-0.8644519481944949
SELENOM,-0.8721263868452355
LYZ,-0.8787318633345921
HS3ST1,-0.9261383322127512
DAPK1,-0.9595437293190721
MTCL1,-0.9859068997705579
CXCL8,-1.0161596854308468
CXCL3,-1.1085945858969237
CXCL1,-1.2087406221796664
GCNT3,-1.2120563412128997
